Record_ID,Incident_Year,Incident_Month,Incident_Day,Operator_ID,Operator,Aircraft,Aircraft_Type,Aircraft_Make,Aircraft_Model,Aircraft_Mass,Engine_Make,Engine_Model,Engines,Engine_Type,Engine1_Position,Engine2_Position,Engine3_Position,Engine4_Position,Airport_ID,Airport,State,FAA_Region,Warning_Issued,Flight_Phase,Visibility,Precipitation,Height,Speed,Distance,Species_ID,Species_Name,Species_Quantity,Flight_Impact,Fatalities,Injuries,Aircraft_Damage,Radome_Strike,Radome_Damage,Windshield_Strike,Windshield_Damage,Nose_Strike,Nose_Damage,Engine1_Strike,Engine1_Damage,Engine2_Strike,Engine2_Damage,Engine3_Strike,Engine3_Damage,Engine4_Strike,Engine4_Damage,Engine_Ingested,Propeller_Strike,Propeller_Damage,Wing_or_Rotor_Strike,Wing_or_Rotor_Damage,Fuselage_Strike,Fuselage_Damage,Landing_Gear_Strike,Landing_Gear_Damage,Tail_Strike,Tail_Damage,Lights_Strike,Lights_Damage,Other_Strike,Other_Damage
118260,1990,12,2,BUS,BUSINESS,DHC6,A,303,6,2,31,4,2,C,4,4,,,ZZZZ,UNKNOWN,,,false,EN ROUTE,DAY,NONE,2500,135,,UNKBM,UNKNOWN MEDIUM BIRD,1,NONE,,1,1,0,0,1,1,0,0,0,0,0,0,0,0,0,0,0,0,0,0,0,0,0,0,0,0,0,0,0,0,0
103978,1990,10,14,PVT,PRIVATELY OWNED,C-152,A,226,36,1,7,7,1,A,7,,,,ZZZZ,UNKNOWN,,,false,EN ROUTE,DAY,NONE,900,85,,NE101,HERRING GULL,1,PRECAUTIONARY LANDING,,1,1,0,0,1,1,0,0,0,0,0,0,0,0,0,0,0,0,0,0,0,0,0,0,0,0,0,0,0,0,0
124681,1990,5,18,BUS,BUSINESS,PA-32,A,729,26,1,7,31,1,A,7,,,,ZZZZ,UNKNOWN,,,,EN ROUTE,,,,,,J21,DUCK,1,,,1,1,0,0,1,1,0,0,0,0,0,0,0,0,0,0,0,0,0,0,0,0,0,0,0,0,0,0,0,0,0
101093,1990,7,3,PVT,PRIVATELY OWNED,MOONEY UNKN,A,632,,1,7,19,1,A/C,7,,,,ZZZZ,UNKNOWN,,,true,EN ROUTE,DAY,,9000,140,,UNKBM,UNKNOWN MEDIUM BIRD,1,,,1,1,0,0,1,1,0,0,0,0,0,0,0,0,0,0,0,0,0,0,0,0,0,0,0,0,0,0,0,0,0
126915,1990,2,27,BUS,BUSINESS,GULFSTREAM V,A,421,10,4,9,3,2,D,5,5,,,ZZZZ,UNKNOWN,,,,EN ROUTE,,,,,,J22,GEESE,1,,,1,1,0,0,1,1,0,0,0,0,0,0,0,0,0,0,0,0,0,0,0,0,0,0,0,0,0,0,0,0,0
101358,1991,11,15,PVT,PRIVATELY OWNED,C-150,A,226,5,1,13,1,1,A,7,,,,KPVG,HAMPTON ROADS EXECUTIVE,VA,AEA,,CLIMB,NIGHT,NONE,3,,,1G11,WHITE-TAILED DEER,1,PRECAUTIONARY LANDING,,1,1,0,0,0,0,0,0,1,1,0,0,0,0,0,0,0,1,1,0,0,0,0,1,1,0,0,0,0,0,0
102720,1991,10,18,BUS,BUSINESS,C-172,A,226,7,1,7,10,1,A,7,,,,KLNK,LINCOLN ARPT,NE,ACE,,APPROACH,NIGHT,NONE,500,90,,J2204,CANADA GOOSE,2-10,PRECAUTIONARY LANDING,,1,1,0,0,1,1,0,0,0,0,0,0,0,0,0,0,0,0,0,1,1,0,0,0,0,0,0,0,0,0,0
102523,1991,6,3,PVT,PRIVATELY OWNED,PA-28,A,729,23,1,7,19,1,A,7,,,,KRAP,RAPID CITY REGIONAL,SD,AGL,false,DESCENT,DAY,NONE,2500,120,7.0,J2204,CANADA GOOSE,1,NONE,,1,1,0,0,1,1,0,0,0,0,0,0,0,0,0,0,0,0,0,0,0,0,0,0,0,0,0,0,0,0,0
103977,1991,4,18,MDW,MIDWAY AIRLINES,DORNIER 228,A,316,7,3,19,4,2,C,1,1,,,KCMI,UNIV OF ILLINOIS -WILLARD ARPT,IL,AGL,,APPROACH,NIGHT,,,,7.0,UNKBM,UNKNOWN MEDIUM BIRD,1,NONE,,1,1,0,0,1,1,0,0,0,0,0,0,0,0,0,0,0,1,0,0,0,0,0,0,0,0,0,0,0,0,0
115611,1991,9,2,PVT,PRIVATELY OWNED,STINSON 108,A,894,6,1,,,1,A,7,,,,KSBS,STEAMBOAT SPRINGS ARPT/BOB ADAMS FIELD,CO,ANM,,CLIMB,DAY,NONE,5,,0.0,1G12,MULE DEER,,OTHER,,2,1,0,0,0,0,0,0,0,0,0,0,0,0,0,0,0,0,0,0,0,0,0,0,0,0,0,0,0,1,1
102408,1991,8,13,BUS,BUSINESS,PA-31 NAVAJO,A,729,25,2,7,31,2,A,4,4,,,KSNS,SALINAS MUNICIPAL ARPT,CA,AWP,false,APPROACH,DAY,NONE,300,100,,O2111,ROCK PIGEON,1,NONE,,1,1,0,0,1,1,0,0,0,0,0,0,0,0,0,0,0,0,0,0,0,0,0,0,0,0,0,0,0,0,0
103950,1991,3,24,BUS,BUSINESS,C-172,A,226,7,1,7,10,1,A,7,,,,ZZZZ,UNKNOWN,,,false,EN ROUTE,NIGHT,NONE,3800,110,,UNKBM,UNKNOWN MEDIUM BIRD,1,PRECAUTIONARY LANDING,,1,1,0,0,1,1,0,0,0,0,0,0,0,0,0,0,0,0,0,1,1,0,0,0,0,0,0,0,0,0,0
129119,1991,10,9,BUS,BUSINESS,PA-32,A,729,26,1,7,31,1,A,7,,,,KSAT,SAN ANTONIO INTL,TX,ASW,,APPROACH,DUSK,,,,,UNKBM,UNKNOWN MEDIUM BIRD,1,,,1,1,0,0,1,1,0,0,0,0,0,0,0,0,0,0,0,0,0,0,0,0,0,0,0,0,0,0,0,0,0
105290,1992,1,6,BUS,BUSINESS,C-172,A,226,7,1,7,10,1,A,7,,,,KSLE,MCNARY FLD ARPT,OR,ANM,true,APPROACH,NIGHT,NONE,700,90,,J2204,CANADA GOOSE,2-10,PRECAUTIONARY LANDING,,1,1,0,0,1,1,1,1,1,0,0,0,0,0,0,0,0,1,0,1,0,0,0,0,0,1,0,1,1,0,0
100645,1992,11,16,PVT,PRIVATELY OWNED,C-172,A,226,7,1,7,10,1,A,7,,,,KVUO,PEARSON FIELD ARPT,WA,ANM,false,APPROACH,NIGHT,NONE,800,120,,J2204,CANADA GOOSE,2-10,PRECAUTIONARY LANDING,,1,1,0,0,1,1,0,0,0,0,0,0,0,0,0,0,0,0,0,1,1,0,0,0,0,0,0,0,0,0,0
110164,1992,2,2,PVT,PRIVATELY OWNED,PA-28,A,729,23,1,7,10,1,A,7,,,,57Y,SANDSTONE MUNICIPAL ARPT,MN,AGL,,APPROACH,DAY,FOG,,,,1G11,WHITE-TAILED DEER,1,OTHER,,1,1,0,0,0,0,0,0,0,0,0,0,0,0,0,0,0,0,0,0,0,0,0,0,0,0,0,0,0,1,1
114669,1992,8,10,BUS,BUSINESS,C-441 CONQUE,A,226,35,2,19,4,2,C,4,4,,,KGVL,LEE GILMER MEMORIAL ARPT,GA,ASO,,CLIMB,DAY,NONE,,,,UNKBM,UNKNOWN MEDIUM BIRD,2-10,ENGINE SHUTDOWN,,1,1,0,0,0,0,0,0,0,0,1,1,0,0,0,0,1,0,0,0,0,0,0,0,0,0,0,0,0,1,1
104630,1992,12,8,AMF,AMERIFLIGHT,BE-99,A,123,20,2,31,4,2,C,4,4,,,ZZZZ,UNKNOWN,,,false,EN ROUTE,DAY,RAIN,3500,180,,J21,DUCK,1,PRECAUTIONARY LANDING,,1,1,0,0,1,1,0,0,0,0,0,0,0,0,0,0,0,0,0,0,0,0,0,0,0,0,0,0,0,0,0
105686,1992,1,19,BUS,BUSINESS,PA-28,A,729,23,1,7,19,1,A,7,,,,ZZZZ,UNKNOWN,,,false,EN ROUTE,DAY,,1000,130,,J2109,MALLARD,1,PRECAUTIONARY LANDING,,1,1,0,0,1,1,0,0,0,0,0,0,0,0,0,0,0,0,0,0,0,0,0,0,0,0,0,0,0,1,1
113844,1992,6,5,PVT,PRIVATELY OWNED,HOMEBUILT,,998,1,1,7,19,,,,,,,ZZZZ,UNKNOWN,,,,EN ROUTE,DAY,NONE,,,,UNKBL,UNKNOWN LARGE BIRD,1,OTHER,1,,1,0,1,0,1,0,1,0,1,0,0,0,0,0,0,0,0,1,0,1,0,1,0,1,0,1,0,1,1,1
121284,1992,6,10,PVT,PRIVATELY OWNED,G-164 AG CAT,A,417,6,1,19,4,1,A,7,,,,ZZZZ,UNKNOWN,,,false,EN ROUTE,DAY,NONE,,,,UNKBM,UNKNOWN MEDIUM BIRD,,OTHER,,1,1,0,1,0,1,0,1,0,1,0,0,0,0,0,0,0,0,1,0,1,0,1,0,1,0,1,0,1,0,1
3166,1993,7,6,MIL,MILITARY,T-38A,A,,,,,,,,,,,,KLBB,LUBBOCK PRESTON SMITH INTL ARPT,TX,ASW,,TAKEOFF RUN,DAY,,0,140,0.0,YH004,HORNED LARK,1,,,1,1,0,0,0,0,0,0,1,1,0,0,0,0,0,0,1,0,0,0,0,0,0,0,0,0,0,0,0,0,0
102344,1993,10,29,AMW,AIR MIDWEST,BE-1900,A,123,27,3,31,4,2,C,4,4,,,KSUX,SIOUX GATEWAY ARPT/COL. BUD DAY FIELD,IA,ACE,false,CLIMB,NIGHT,SNOW,4000,250,25.0,J21,DUCK,2-10,PRECAUTIONARY LANDING,,1,1,0,0,1,1,0,0,1,0,0,0,0,0,0,0,0,0,0,1,1,0,0,0,0,0,0,0,0,0,0
107593,1993,5,16,BUS,BUSINESS,RKWL AC-680,A,765,23,2,7,31,2,c,C,4,,,T40,MCGEHEE CATFISH REST,OK,ASW,false,LANDING ROLL,DAY,NONE,0,74,0.0,1G51,CATTLE,1,OTHER,,2,1,0,0,0,0,1,1,1,1,1,0,0,0,0,0,0,1,1,1,0,1,1,1,0,0,0,0,0,0,0
111035,1993,3,9,PVT,PRIVATELY OWNED,C-172,A,226,7,1,7,10,1,A,7,,,,ZZZZ,UNKNOWN,,,true,EN ROUTE,DAY,NONE,1500,100,,J21,DUCK,2-10,,,1,1,0,0,1,1,0,0,0,0,0,0,0,0,0,0,0,0,0,0,0,0,0,0,0,0,0,0,0,0,0
117275,1993,3,24,BUS,BUSINESS,BELL 47,B,128,1,1,7,31,1,A,6,,,,ZZZZ,UNKNOWN,,,,EN ROUTE,DAY,NONE,,,,UNKBL,UNKNOWN LARGE BIRD,1,OTHER,1,,1,0,0,0,0,0,0,0,0,0,0,0,0,0,0,0,0,0,1,1,0,0,0,0,0,0,0,0,0,0
111299,1994,2,27,BUS,BUSINESS,C-150,A,226,5,1,7,10,1,A,7,,,,KCHD,CHANDLER MUNICIPAL ARPT,AZ,AWP,false,LANDING ROLL,DAY,NONE,0,65,0.0,K33,HAWK,1,OTHER,,1,1,0,0,1,1,0,0,0,0,0,0,0,0,0,0,0,0,0,0,0,0,0,0,1,0,0,0,0,0,1
106843,1994,12,18,BUS,BUSINESS,C-172,A,226,7,1,13,4,1,A,7,,,,KCTJ,WEST GEORGIA REGNL ARPT-O V GRAY FIELD,GA,ASO,,TAKEOFF RUN,NIGHT,NONE,0,,0.0,1G11,WHITE-TAILED DEER,2-10,OTHER,,1,1,1,1,1,1,1,1,1,1,0,0,0,0,0,0,0,1,1,1,1,1,1,1,1,1,1,1,1,0,0
108420,1994,6,20,PVT,PRIVATELY OWNED,C-175,A,226,8,1,13,4,1,A,7,,,,KSOA,SONORA MUNICIPAL ARPT,TX,ASW,,LANDING ROLL,DAY,NONE,0,,0.0,1G11,WHITE-TAILED DEER,,OTHER,,2,1,0,0,0,0,0,0,0,0,0,0,0,0,0,0,0,0,0,0,0,0,0,0,0,0,0,0,0,1,1
104256,1994,3,8,BUS,BUSINESS,C-402,A,226,33,2,13,16,2,A,4,4,,,KPSC,TRI-CITIES,WA,ANM,,APPROACH,DUSK,NONE,1500,165,,J2109,MALLARD,1,PRECAUTIONARY LANDING,,1,1,0,0,1,1,0,0,0,0,0,0,0,0,0,0,0,0,0,0,0,0,0,0,0,0,0,0,0,0,0
101937,1994,6,9,BUS,BUSINESS,PA-28,A,729,23,1,7,31,1,A,7,,,,KBDR,IGOR I SIKORSKY MEMORIAL,CT,ANE,true,LANDING ROLL,DUSK,NONE,0,50,0.0,J2204,CANADA GOOSE,1,PRECAUTIONARY LANDING,,1,1,0,0,1,1,0,0,1,0,0,0,0,0,0,0,0,1,0,0,0,0,0,0,0,0,0,0,0,1,1
109350,1994,10,18,PVT,PRIVATELY OWNED,BE-90  KING,A,123,18,2,31,4,2,C,4,4,,,KSMD,SMITH FIELD ARPT,IN,AGL,,TAKEOFF RUN,DAY,NONE,0,,0.0,J2204,CANADA GOOSE,2-10,ABORTED TAKEOFF,,2,1,0,0,1,1,0,0,0,0,0,0,0,0,0,0,0,0,1,0,1,0,0,0,0,0,0,0,0,1,1
128904,1994,6,18,BUS,BUSINESS,C-441 CONQUE,A,226,35,2,19,4,2,C,4,4,,,CYAG,FORT FRANCES MUNICIPAL,ON,ONT,,TAKEOFF RUN,NIGHT,FOG,0,98,0.0,NE104,RING-BILLED GULL,1,OTHER,,7,1,0,0,0,0,0,1,1,1,0,0,0,0,0,0,1,1,1,0,1,0,0,0,1,0,0,0,0,0,1
104529,1994,3,16,BUS,BUSINESS,LAKE LA4-200,A,547,1,1,7,19,1,A,2,,,,KMLB,MELBOURNE INTL,FL,ASO,false,APPROACH,DAY,NONE,450,68,,UNKBL,UNKNOWN LARGE BIRD,1,PRECAUTIONARY LANDING,,1,1,0,0,1,1,0,0,0,0,0,0,0,0,0,0,0,0,0,0,0,0,0,0,0,0,0,0,0,0,0
111713,1994,6,6,BUS,BUSINESS,RKWLTRBO 690,A,765,11,2,19,4,2,C,4,4,,,KCPR,CASPER/NATRONA COUNTY INTL ARPT,WY,ANM,,LANDING ROLL,NIGHT,NONE,0,,0.0,1G11,WHITE-TAILED DEER,2-10,,,2,1,0,0,0,0,1,1,0,0,0,0,0,0,0,0,0,1,1,0,0,0,0,0,0,0,0,0,0,0,0
121996,1994,8,8,PVT,PRIVATELY OWNED,PA-24 COMANCHE,A,729,20,1,7,31,1,A,7,,,,KSSF,STINSON MUNICIPAL ARPT,TX,ASW,,CLIMB,DUSK,,,,,UNKBM,UNKNOWN MEDIUM BIRD,1,PRECAUTIONARY LANDING,,1,1,0,0,1,1,0,0,0,0,0,0,0,0,0,0,0,0,0,0,0,0,0,0,0,0,0,0,0,0,0
120353,1994,7,15,PVT,PRIVATELY OWNED,C-172,A,226,7,1,13,10,1,A,7,,,,ZZZZ,UNKNOWN,,,,EN ROUTE,DAY,NONE,200,,,H2002,BROWN PELICAN,1,OTHER,1,,1,0,0,1,1,0,1,0,1,0,0,0,0,0,0,0,0,1,0,1,0,1,0,1,0,1,0,1,0,1
122793,1994,5,16,BUS,BUSINESS,BELL 47,B,128,1,1,7,31,1,A,6,,,,ZZZZ,UNKNOWN,,,true,EN ROUTE,DAY,NONE,,,,UNKBM,UNKNOWN MEDIUM BIRD,2-10,OTHER,1,,1,0,0,0,0,0,0,0,0,0,0,0,0,0,0,0,0,0,0,1,0,1,0,0,0,1,0,1,0,1
110921,1995,5,12,BUS,BUSINESS,BE-33,A,123,6,1,13,16,1,A,7,,,,KINT,SMITH REYOLDS ARPT,NC,ASO,false,DESCENT,DAY,NONE,3500,160,,K1,NEW WORLD VULTURES,2-10,OTHER,,1,1,0,0,1,1,0,0,0,0,0,0,0,0,0,0,0,0,0,0,0,1,1,0,0,0,0,0,0,1,1
108597,1995,4,5,PVT,PRIVATELY OWNED,C-152,A,226,36,1,7,7,1,A,7,,,,KBKL,BURKE LAKEFRONT,OH,AGL,true,APPROACH,NIGHT,NONE,520,80,,UNKBM,UNKNOWN MEDIUM BIRD,1,,,1,1,0,0,1,1,0,0,0,0,0,0,0,0,0,0,0,0,0,0,0,0,0,0,0,0,0,0,0,0,0
124198,1995,11,3,GLA,GREAT LAKES AIRLINES,BE-1900,A,123,27,3,31,4,2,C,4,4,,,KSPW,SPENCER MUNICIPAL AIRPORT,IA,ACE,,APPROACH,NIGHT,,,,,UNKBM,UNKNOWN MEDIUM BIRD,1,OTHER,,1,1,0,0,1,1,0,0,0,0,0,0,0,0,0,0,0,0,0,0,0,0,0,0,0,0,0,0,0,0,0
109815,1995,4,21,BUS,BUSINESS,BE-36,A,123,8,1,13,16,1,A,7,,,,ZZZZ,UNKNOWN,,,false,EN ROUTE,DAY,NONE,2800,170,,J21,DUCK,1,PRECAUTIONARY LANDING,,2,1,0,0,1,1,0,0,0,0,0,0,0,0,0,0,0,1,0,0,0,0,0,0,0,0,0,0,0,0,0
108625,1995,4,16,BUS,BUSINESS,C-150,A,226,5,1,13,1,1,A,7,,,,ZZZZ,UNKNOWN,,,,EN ROUTE,DAY,NONE,1000,95,,J22,GEESE,1,PRECAUTIONARY LANDING,,1,1,0,0,1,1,0,0,0,0,0,0,0,0,0,0,0,0,0,0,0,0,1,0,0,0,0,0,0,1,1
105099,1995,6,3,PVT,PRIVATELY OWNED,C-310,A,226,21,2,13,13,2,A,4,4,,,ZZZZ,UNKNOWN,,,false,EN ROUTE,DAY,NONE,1500,180,,K1,NEW WORLD VULTURES,1,PRECAUTIONARY LANDING,,1,1,0,0,1,1,1,1,0,0,0,0,0,0,0,0,0,0,0,0,0,0,0,0,0,0,0,0,0,1,1
115642,1996,6,27,PVT,PRIVATELY OWNED,C-182 SKYLAN,A,226,11,1,13,13,1,A,7,,,,KBAX,HURON COUNTY MEMORIAL,MI,AGL,,APPROACH,DUSK,NONE,,,0.0,1G11,WHITE-TAILED DEER,1,OTHER,,2,1,0,0,0,0,0,0,0,0,0,0,0,0,0,0,0,0,0,0,0,0,0,0,0,1,1,0,0,1,1
116583,1996,8,18,PVT,PRIVATELY OWNED,C-182 SKYLAN,A,226,11,1,13,13,1,A,7,,,,KGIC,IDAHO COUNTY ARPT,ID,ANM,,APPROACH,DAY,NONE,,,0.0,1G11,WHITE-TAILED DEER,,OTHER,,1,1,0,0,0,0,0,0,0,0,0,0,0,0,0,0,0,0,1,0,1,0,1,0,0,0,1,0,0,0,1
116054,1996,6,14,PVT,PRIVATELY OWNED,BE-23 SUNDOWNER,A,123,4,1,7,10,1,A,7,,,,KHGR,HAGERSTOWN REGNL ARPT-RICHARD A HENSON FIELD,MD,AEA,,TAKEOFF RUN,DAY,NONE,0,,0.0,1G11,WHITE-TAILED DEER,1,ABORTED TAKEOFF,,1,1,0,0,0,0,0,0,0,0,0,0,0,0,0,0,0,0,0,0,0,0,0,0,0,0,0,0,0,1,1
113859,1996,2,17,PVT,PRIVATELY OWNED,AMD ALARUS CH2000,A,,,1,7,7,1,A,7,,,,3CK,LAKE IN THE HILLS,IL,AGL,false,APPROACH,DAY,NONE,75,70,,J21,DUCK,2-10,,,1,1,0,0,1,1,0,0,0,0,0,0,0,0,0,0,0,0,0,0,0,0,0,0,0,0,0,0,0,0,0
114299,1996,5,21,BUS,BUSINESS,BE-99,A,123,20,2,31,4,2,C,4,4,,,ZZZZ,UNKNOWN,,,,EN ROUTE,DAY,RAIN,800,,,J2143,LONG-TAILED DUCK,1,,,1,1,0,0,1,1,0,0,0,0,0,0,0,0,0,0,0,0,0,0,0,0,0,0,0,0,0,0,0,0,0
102430,1996,8,1,GOV,GOVERNMENT,PA-18 SUPER CUB,A,729,13,1,7,10,1,A,7,,,,ZZZZ,UNKNOWN,,,false,EN ROUTE,DAY,NONE,50,65,,L3103,SHARP-TAILED GROUSE,1,PRECAUTIONARY LANDING,,2,1,0,0,1,1,0,0,0,0,0,0,0,0,0,0,0,0,0,1,1,0,0,0,0,0,0,0,0,0,0
116217,1996,7,8,SWA,SOUTHWEST AIRLINES,B-737-200,A,148,13,4,34,10,2,D,1,1,,,KBNA,NASHVILLE INTL,TN,ASO,,TAKEOFF RUN,DAY,,0,155,0.0,K5114,AMERICAN KESTREL,1,ABORTED TAKEOFF,,5,1,0,0,0,0,0,0,1,1,0,0,0,0,0,0,1,0,0,0,0,0,0,0,0,0,0,0,0,1,1
112916,1996,11,23,PVT,PRIVATELY OWNED,C-172,A,226,7,1,7,10,1,A,7,,,,KSLC,SALT LAKE CITY INTL,UT,ANM,,APPROACH,DAWN,,,,,UNKBL,UNKNOWN LARGE BIRD,1,OTHER,,1,1,0,0,1,1,0,0,0,0,0,0,0,0,0,0,0,0,0,0,0,0,0,0,0,0,0,0,0,0,0
114411,1997,5,1,UNK,UNKNOWN,C-152,A,226,36,1,,,1,A,7,,,,87Y,BLACKHAWK AIRFIELD,WI,AGL,,LANDING ROLL,NIGHT,,0,,0.0,1G11,WHITE-TAILED DEER,1,ENGINE SHUTDOWN,,1,1,0,0,0,0,0,0,1,1,0,0,0,0,0,0,0,1,1,0,0,0,0,0,0,0,0,0,0,0,0
119092,1997,2,28,GLA,GREAT LAKES AIRLINES,BE-1900,A,123,27,3,31,4,2,C,4,4,,,KCHS,CHARLESTON AFB/INTL ARPT,SC,ASO,false,APPROACH,NIGHT,NONE,3000,200,,UNKBL,UNKNOWN LARGE BIRD,1,NONE,,1,1,0,0,1,1,0,0,0,0,0,0,0,0,0,0,0,0,0,0,0,0,0,0,0,0,0,0,0,0,0
114320,1997,8,21,SWA,SOUTHWEST AIRLINES,B-737-300,A,148,24,4,10,1,2,D,1,1,,,KTPA,TAMPA INTL,FL,ASO,false,APPROACH,DAY,NONE,2600,210,,M4001,SANDHILL CRANE,1,OTHER,,1,1,0,0,1,1,0,0,0,0,0,0,0,0,0,0,0,0,0,0,0,0,0,0,0,0,0,0,0,0,0
120234,1997,5,8,PVT,PRIVATELY OWNED,PA-23-250,A,729,18,2,7,31,2,A,4,4,,,KHEG,HERLONG RECREATIONAL ARPT,FL,ASO,,APPROACH,DAY,NONE,,,0.0,I13,EGRET,,OTHER,,1,1,0,0,0,0,0,0,0,0,0,0,0,0,0,0,0,0,1,0,0,0,0,0,0,0,0,0,0,0,0
119970,1997,12,17,PVT,PRIVATELY OWNED,BELLANCA 1730,A,130,13,1,7,16,1,A,7,,,,2G2,JEFFERSON COUNTY ARPT,OH,AGL,,CLIMB,NIGHT,,3,,,1G11,WHITE-TAILED DEER,1,OTHER,,2,1,0,0,0,0,0,0,0,0,0,0,0,0,0,0,0,0,0,1,1,0,0,0,0,0,0,0,0,1,1
116803,1997,4,11,PVT,PRIVATELY OWNED,PA-32,A,729,26,1,7,31,1,A,7,,,,ZZZZ,UNKNOWN,,,false,EN ROUTE,DAY,NONE,3100,130,,K1002,TURKEY VULTURE,1,PRECAUTIONARY LANDING,,1,1,0,0,1,1,0,0,0,0,0,0,0,0,0,0,0,0,0,0,0,0,0,0,0,0,0,0,0,1,1
115708,1997,3,16,PVT,PRIVATELY OWNED,C-182 SKYLAN,A,226,11,1,13,13,1,A,7,,,,ZZZZ,UNKNOWN,,,,EN ROUTE,NIGHT,,,,,J21,DUCK,1,PRECAUTIONARY LANDING,,1,1,0,0,1,1,0,0,0,0,0,0,0,0,0,0,0,0,0,0,0,0,0,0,0,0,0,0,0,0,0
116752,1997,8,1,UNK,UNKNOWN,PA-30 TWIN COMANCHE,A,729,24,1,7,10,2,A,4,4,,,ZZZZ,UNKNOWN,,,,EN ROUTE,,,,,,UNKBL,UNKNOWN LARGE BIRD,1,PRECAUTIONARY LANDING,,1,0,0,0,0,0,0,0,1,0,0,0,0,0,0,0,1,0,0,0,0,0,0,0,0,0,0,0,0,0,0
116102,1997,10,8,SCX,SUN COUNTRY AIRLINES,B-727-200,A,148,11,4,34,10,3,D,5,6,5,,KMCO,ORLANDO INTL,FL,ASO,true,CLIMB,DAY,NONE,1750,220,,UNKBL,UNKNOWN LARGE BIRD,1,PRECAUTIONARY LANDING,,1,1,0,0,1,1,0,0,0,0,0,0,0,0,0,0,0,0,0,0,0,0,0,0,0,0,0,0,0,0,0
115189,1997,4,15,BUS,BUSINESS,PA-60 600,A,729,34,2,7,31,2,A,4,4,,,KCLE,CLEVELAND-HOPKINS INTL ARPT,OH,AGL,true,APPROACH,NIGHT,NONE,500,140,0.5,J2204,CANADA GOOSE,1,OTHER,,1,1,0,0,1,1,0,0,0,0,0,0,0,0,0,0,0,0,0,0,0,0,0,0,0,0,0,0,0,0,0
118667,1998,2,9,PVT,PRIVATELY OWNED,C-172,A,226,7,1,13,4,1,A,7,,,,KSAC,SACRAMENTO EXECUTIVE ARPT,CA,AWP,false,DESCENT,NIGHT,NONE,1200,95,8.0,J2204,CANADA GOOSE,1,PRECAUTIONARY LANDING,,1,1,0,0,1,1,0,0,0,0,0,0,0,0,0,0,0,1,0,0,0,0,0,0,0,0,0,0,0,1,0
119350,1998,4,6,PVT,PRIVATELY OWNED,C-172,A,226,7,1,7,10,1,A,7,,,,GA04,MALLARDS LANDING,GA,ASO,,TAKEOFF RUN,NIGHT,NONE,0,,0.0,1G11,WHITE-TAILED DEER,,OTHER,,1,1,0,0,0,1,0,1,0,1,0,0,0,0,0,0,0,0,1,0,1,0,1,0,1,0,1,0,1,0,0
127931,1998,11,26,PVT,PRIVATELY OWNED,C-172,A,226,7,1,13,4,1,A,7,,,,PVT,PRIVATE AIR STRIP,FL,ASO,,LANDING ROLL,,,0,,0.0,1H1,HORSE,1,OTHER,,1,1,0,0,0,0,0,0,0,0,0,0,0,0,0,0,0,1,1,0,0,0,0,1,1,0,0,0,0,0,0
124639,1998,5,31,BUS,BUSINESS,PA-28,A,729,23,1,7,19,1,A,7,,,,KSIK,SIKESTON MEMORIAL MUNICIPAL ARPT,MO,ACE,,LANDING ROLL,DAY,,0,,0.0,1G11,WHITE-TAILED DEER,,OTHER,,1,1,0,0,0,1,0,1,0,1,0,0,0,0,0,0,0,0,1,0,1,0,1,0,1,0,1,0,1,0,0
124236,1998,10,19,BUS,BUSINESS,PA-28,A,729,23,1,7,19,1,A,7,,,,L35,BIG BEAR CITY,CA,AWP,false,APPROACH,NIGHT,NONE,,90,,R,OWLS,1,PRECAUTIONARY LANDING,,1,1,0,0,1,1,0,0,0,0,0,0,0,0,0,0,0,0,0,0,0,0,0,0,0,0,0,0,0,0,0
118785,1998,11,19,1ASQ,ATLANTIC SOUTHEAST,ATR-72,A,97,2,3,31,10,2,C,4,4,,,KAVL,ASHEVILLE REGIONAL ARPT,NC,ASO,,TAXI,NIGHT,,0,,0.0,1G11,WHITE-TAILED DEER,,OTHER,,1,0,0,0,0,0,0,0,0,0,0,0,0,0,0,0,0,0,0,0,0,0,0,0,0,0,0,0,0,0,0
127654,1998,11,10,BUS,BUSINESS,RKWL SHRIKE,A,765,8,2,7,31,2,A,4,4,,,KTOP,PHILIP BILLARD MUNICIPAL ARPT,KS,ACE,true,CLIMB,,NONE,3000,140,,J22,GEESE,2-10,PRECAUTIONARY LANDING,,1,1,0,0,1,1,0,0,1,1,0,0,0,0,0,0,0,0,0,1,1,0,0,1,1,0,0,0,0,0,0
121621,1998,8,29,BUS,BUSINESS,BE-55  BARON,A,123,11,2,13,13,2,A,4,4,,,KMLI,QUAD CITY ARPT,IL,AGL,,TAKEOFF RUN,NIGHT,NONE,0,90,0.0,J2204,CANADA GOOSE,11-100,ABORTED TAKEOFF,,1,1,0,0,1,1,1,1,1,1,0,0,0,0,0,0,0,0,0,1,1,1,1,1,1,0,0,0,0,0,0
125974,1998,2,10,BUS,BUSINESS,BE-58  BARON,A,123,12,2,13,20,2,A,4,4,,,KPGV,PITT-GREENVILLE ARPT,NC,ASO,false,TAKEOFF RUN,DAY,NONE,0,75,0.0,NE1,GULL,1,ABORTED TAKEOFF,,1,1,0,0,1,1,0,0,0,0,0,0,0,0,0,0,0,0,0,0,0,0,0,0,0,0,0,0,0,0,0
119912,1998,4,6,CTL,CENTRAL AIR SOUTHWEST,RKWL SHRIKE,A,765,8,2,7,31,2,A,4,4,,,ZZZZ,UNKNOWN,,,false,EN ROUTE,NIGHT,RAIN,4000,165,,J22,GEESE,1,OTHER,,1,1,0,0,1,1,0,0,0,0,0,0,0,0,0,0,0,0,0,0,0,0,0,0,0,0,0,0,0,1,1
128423,1998,3,4,PVT,PRIVATELY OWNED,PA-23 APACHE,A,729,17,1,7,10,2,A,4,4,,,ZZZZ,UNKNOWN,,,,EN ROUTE,DAY,NONE,1500,146,,UNKBM,UNKNOWN MEDIUM BIRD,1,OTHER,2,,1,0,0,0,0,0,0,0,0,0,0,0,0,0,0,0,0,0,0,0,0,0,0,0,1,1,0,0,0,0
120159,1998,7,5,PVT,PRIVATELY OWNED,PA-30 TWIN COMANCHE,A,729,24,1,7,10,2,A,4,4,,,ZZZZ,UNKNOWN,,,false,EN ROUTE,DAY,NONE,1000,160,,H4105,DOUBLE-CRESTED CORMORANT,1,OTHER,,1,1,0,0,1,1,0,0,0,0,0,0,0,0,0,0,0,0,0,0,0,0,0,0,0,0,0,0,0,0,0
121369,1999,12,5,PVT,PRIVATELY OWNED,C-182 SKYLAN,A,226,11,1,,,1,A,7,,,,MD24,HAYSFIELD ARPT,MD,AEA,,TAKEOFF RUN,DAY,,0,,0.0,1G11,WHITE-TAILED DEER,,OTHER,,2,1,0,0,0,0,0,0,0,0,0,0,0,0,0,0,0,0,0,0,0,0,0,0,0,0,0,0,0,0,1
124169,1999,10,17,PVT,PRIVATELY OWNED,PA-23 APACHE,A,729,17,1,7,10,2,A,4,4,,,KHRO,BOONE COUNTY ARPT,AR,ASW,,DESCENT,NIGHT,NONE,800,110,,UNKBM,UNKNOWN MEDIUM BIRD,1,NONE,,1,1,0,0,1,1,0,0,0,0,0,0,0,0,0,0,0,0,0,0,0,0,0,0,0,0,0,0,0,0,0
118469,1999,3,9,BUS,BUSINESS,PA-28,A,729,23,1,7,19,1,A,7,,,,ZZZZ,UNKNOWN,,,false,EN ROUTE,DAY,NONE,1500,120,,K1002,TURKEY VULTURE,1,PRECAUTIONARY LANDING,,1,1,0,0,1,1,0,0,0,0,0,0,0,0,0,0,0,0,0,0,0,0,0,0,0,0,0,0,0,0,0
200591,2000,10,9,BUS,BUSINESS,C-172,A,226,7,1,7,,1,A,7,,,,KHFD,HARTFORD-BRAINARD ARPT,CT,ANE,false,APPROACH,NIGHT,NONE,1000,100,,NE1,GULL,1,PRECAUTIONARY LANDING,,2,1,0,0,1,1,0,0,0,0,0,0,0,0,0,0,0,0,0,0,0,0,0,0,0,0,0,0,0,0,0
201231,2000,5,25,BUS,BUSINESS,C-310,A,226,21,2,13,16,2,A,4,4,,,KOLF,L M CLAYTON,MT,ANM,,CLIMB,DAY,,600,,,J2204,CANADA GOOSE,2-10,OTHER,,1,1,0,0,1,1,0,1,0,1,0,1,0,0,0,0,0,0,1,0,1,0,1,1,1,0,1,0,1,0,1
205211,2000,12,6,1ASQ,ATLANTIC SOUTHEAST,EMB-120,A,332,11,3,31,10,2,C,4,4,,,KCRW,YEAGER ARPT,WV,AEA,,LANDING ROLL,NIGHT,,0,105,0.0,1G11,WHITE-TAILED DEER,2-10,,1,,1,0,0,0,0,0,0,0,0,0,0,0,0,0,0,0,1,1,0,0,0,1,1,0,0,0,0,0,0,0
209170,2000,11,8,MES,MESABA AIRLINES,SAAB-340,A,778,5,3,22,22,2,C,4,4,,,KABR,ABERDEEN REGIONAL AR,SD,AGL,,APPROACH,NIGHT,,400,130,,J2202,SNOW GOOSE,11-100,OTHER,,1,1,0,0,1,0,0,0,1,0,1,0,0,0,0,0,1,1,0,1,0,0,1,1,0,0,0,0,0,1,1
202326,2000,9,23,PVT,PRIVATELY OWNED,BE-58  BARON,A,123,12,2,13,16,2,A,4,4,,,KGSP,GREENVILLE-SPARTANBURG INTL,SC,ASO,false,APPROACH,DAY,NONE,2500,155,,K1,NEW WORLD VULTURES,1,PRECAUTIONARY LANDING,,1,1,0,0,1,1,0,0,0,0,0,0,0,0,0,0,0,0,0,0,0,0,0,0,0,0,1,0,0,1,1
202940,2000,4,19,PVT,PRIVATELY OWNED,PA-28,A,729,23,1,7,19,1,A,7,,,,ZZZZ,UNKNOWN,,,false,CLIMB,DAY,NONE,2000,120,,K3206,GOLDEN EAGLE,1,PRECAUTIONARY LANDING,,1,1,0,0,1,1,0,0,0,0,0,0,0,0,0,0,0,0,0,0,0,1,1,0,0,0,0,0,0,1,1
204304,2000,4,15,BUS,BUSINESS,AT-502,A,41,5,2,31,4,1,C,7,,,,ZZZZ,UNKNOWN,,,,EN ROUTE,DAY,NONE,10,135,,K3302,RED-TAILED HAWK,1,,,1,1,0,0,1,1,0,0,0,0,0,0,0,0,0,0,0,1,0,0,0,0,0,0,0,0,0,0,0,0,0
205442,2000,7,3,BUS,BUSINESS,AYRES THRUSH,A,100,2,2,19,4,1,C,7,,,,ZZZZ,UNKNOWN,,,,EN ROUTE,DAY,,,,,O22,DOVE,2-10,PRECAUTIONARY LANDING,,1,1,0,0,0,0,0,0,1,1,0,0,0,0,0,0,1,0,0,0,1,0,0,0,0,0,1,0,0,0,0
205032,2000,8,31,PRH,PRO AIR,B-737-400,A,148,32,4,10,1,2,D,1,1,,,KLGA,LA GUARDIA ARPT,NY,AEA,,DESCENT,NIGHT,NONE,10000,314,,UNKBL,UNKNOWN LARGE BIRD,1,OTHER,,1,1,0,0,1,1,0,0,0,0,0,0,0,0,0,0,0,0,0,0,0,0,0,0,0,0,0,0,0,0,0
209401,2001,1,14,BUS,BUSINESS,LEARJET-60,A,395,10,2,31,14,2,D,5,5,,,KTOI,TROY MUNICIPAL ARPT,AL,ASO,false,LANDING ROLL,DAY,NONE,0,135,0.0,1G11,WHITE-TAILED DEER,2-10,OTHER,,2,1,0,1,0,1,0,1,0,1,0,1,0,0,0,0,0,0,0,0,1,0,1,1,1,0,1,0,1,0,1
207167,2001,3,16,AMF,AMERIFLIGHT,PA-31 NAVAJO,A,729,25,2,7,31,2,A,4,4,,,KRNO,RENO TAHOE INTL,NV,AWP,,APPROACH,NIGHT,NONE,3000,190,,UNKBM,UNKNOWN MEDIUM BIRD,1,PRECAUTIONARY LANDING,,2,1,0,0,1,1,0,0,0,0,0,0,0,0,0,0,0,0,0,0,0,0,0,0,0,0,0,0,0,1,1
206622,2001,2,9,PVT,PRIVATELY OWNED,PA-60 600,A,729,34,2,7,31,2,A,4,4,,,ZZZZ,UNKNOWN,,,false,EN ROUTE,DAY,NONE,1000,200,,K1002,TURKEY VULTURE,1,PRECAUTIONARY LANDING,,1,1,0,0,1,1,1,1,0,0,0,0,0,0,0,0,0,0,0,0,0,0,0,0,0,0,0,0,0,0,0
208102,2001,2,25,PVT,PRIVATELY OWNED,BE-95,A,123,19,1,13,13,2,A,4,4,,,KSAT,SAN ANTONIO INTL,TX,ASW,false,APPROACH,DAY,NONE,150,115,,K1001,BLACK VULTURE,1,NONE,,1,1,0,0,1,1,0,0,0,0,0,0,0,0,0,0,0,0,0,0,0,0,0,0,0,0,0,0,0,0,0
207590,2001,4,5,USA,1US AIRWAYS,B-737-300,A,148,24,4,10,1,2,D,1,1,,,KDCA,RONALD REAGAN WASHINGTON NATIONAL ARPT,DC,AEA,,CLIMB,NIGHT,NONE,900,195,,J22,GEESE,2-10,PRECAUTIONARY LANDING,,1,0,0,0,0,0,1,0,0,0,0,0,0,0,0,0,0,0,0,0,0,1,0,0,0,0,0,0,0,0,0
216075,2002,5,9,BUS,BUSINESS,C-172,A,226,7,1,7,10,1,A,7,,,,KDAB,DAYTONA BEACH INTL,FL,ASO,true,APPROACH,DAY,NONE,2000,105,,K1002,TURKEY VULTURE,1,PRECAUTIONARY LANDING,,1,1,0,0,1,1,0,0,0,0,0,0,0,0,0,0,0,0,0,0,0,0,0,0,0,0,0,0,0,0,0
213812,2002,6,6,BUS,BUSINESS,C-172,A,226,7,1,7,19,1,A,7,,,,KSFB,ORLANDO SANFORD INTL ARPT,FL,ASO,false,DESCENT,DAY,NONE,1000,100,,K1002,TURKEY VULTURE,1,PRECAUTIONARY LANDING,,2,1,0,0,1,1,0,0,0,0,0,0,0,0,0,0,0,0,0,0,0,0,0,0,0,0,0,0,0,0,0
269062,2002,6,21,PVT,PRIVATELY OWNED,PITTS S-2,A,730,2,1,7,,1,A,7,,,,KPJC,ZELIENOPLE MUNICIPAL,PA,AEA,,LANDING ROLL,DAY,,0,,0.0,1G11,WHITE-TAILED DEER,1,,,1,1,0,0,0,0,0,0,0,0,0,0,0,0,0,0,0,1,1,0,0,0,0,1,1,0,0,0,0,0,0
268617,2002,8,31,PVT,PRIVATELY OWNED,BE-60 DUKE,A,123,13,2,7,31,2,A,4,4,,,KLDM,MASON COUNTY ARPT (MI),MI,AGL,,LANDING ROLL,,,0,,0.0,1G11,WHITE-TAILED DEER,1,,,1,1,0,0,0,0,0,0,0,0,0,0,0,0,0,0,0,0,0,0,0,0,0,1,1,0,0,1,1,0,0
217983,2002,10,15,BUS,BUSINESS,CIRRUS SR 20/22,A,275,1,1,13,10,1,A,7,,,,3I2,MASON COUNTY ARPT (WV),WV,AEA,,LANDING ROLL,,,0,,0.0,1G11,WHITE-TAILED DEER,1,OTHER,,2,1,0,0,0,0,0,0,0,0,0,0,0,0,0,0,0,0,0,1,1,1,1,0,0,0,0,0,0,0,1
209804,2002,7,11,PVT,PRIVATELY OWNED,C-172,A,226,7,1,13,4,1,A,7,,,,ZZZZ,UNKNOWN,,,false,EN ROUTE,DAY,NONE,,,,K3302,RED-TAILED HAWK,1,PRECAUTIONARY LANDING,,2,1,0,0,1,1,0,0,0,0,0,0,0,0,0,0,0,0,0,0,0,0,0,0,0,0,0,0,0,0,0
212103,2002,4,30,PVT,PRIVATELY OWNED,MOONEY-20E,A,632,6,1,7,19,1,A,7,,,,ZZZZ,UNKNOWN,,,false,EN ROUTE,DAY,NONE,1000,113,,K1,NEW WORLD VULTURES,1,PRECAUTIONARY LANDING,,1,1,0,0,1,1,0,0,0,0,0,0,0,0,0,0,0,0,0,0,0,1,1,0,0,0,0,0,0,0,0
214987,2002,4,11,MRA,MARTINAIRE,C-208,A,226,42,2,31,4,1,C,7,,,,KBWI,BALTIMORE/WASH INTL THURGOOD MARSHAL ARPT,MD,AEA,,APPROACH,NIGHT,NONE,146,140,,F1004,HORNED GREBE,1,OTHER,,1,1,0,0,1,1,0,0,0,0,0,0,0,0,0,0,0,0,0,0,0,0,0,0,0,0,0,0,0,1,1
215851,2003,3,30,PVT,PRIVATELY OWNED,BE-36,A,123,8,1,13,,1,A,7,,,,FA81,TAVERNAERO PARK,FL,ASO,,TAKEOFF RUN,DAWN,NONE,0,,0.0,1F12,DOMESTIC DOG,,OTHER,,2,1,0,0,0,1,0,1,0,0,0,0,0,0,0,0,0,0,1,0,1,0,1,0,1,0,1,0,1,0,0
270208,2003,5,10,BUS,BUSINESS,MILITARY,,998,9,,34,,,,,,,,KHIF,HILL AIR FORCE BASE,UT,ANM,,DESCENT,DAY,,7800,300,,UNKB,UNKNOWN BIRD,1,ENGINE SHUT DOWN,1,,1,0,0,0,0,0,0,1,1,0,0,0,0,0,0,1,0,0,0,0,0,0,0,0,0,0,0,0,0,0
219553,2003,6,10,PVT,PRIVATELY OWNED,PA-60 601,A,729,35,2,7,31,2,A,4,4,,,KMTN,MARTIN STATE ARPT,MD,AEA,false,CLIMB,DAY,NONE,1500,130,1.0,K1001,BLACK VULTURE,1,PRECAUTIONARY LANDING,,1,1,0,0,1,1,0,0,0,0,0,0,0,0,0,0,0,0,0,1,1,0,0,0,0,0,0,0,0,1,1
225603,2003,11,12,BUS,BUSINESS,LEARJET-24,A,395,2,3,22,10,2,B,5,5,,,KCPS,ST LOUIS DOWNTOWN,IL,AGL,false,CLIMB,DAY,NONE,500,190,,UNKBS,UNKNOWN SMALL BIRD,11-100,ENGINE SHUT DOWN,,2,1,0,1,0,1,0,1,1,1,1,1,0,0,0,0,1,0,1,0,1,0,1,0,1,0,1,0,1,0,0
213336,2003,1,8,QXE,HORIZON AIR,DHC8 DASH 8,A,303,10,3,31,10,2,C,4,4,,,KMFR,ROGUE VALLEY INTL - MEDFORD ARPT,OR,ANM,false,APPROACH,NIGHT,NONE,1000,200,,J2139,LESSER SCAUP,2-10,PRECAUTIONARY LANDING,,1,1,1,1,1,1,1,1,0,0,0,0,0,0,0,0,0,1,1,0,0,0,0,0,0,0,0,0,0,1,1
215493,2003,1,31,PVT,PRIVATELY OWNED,C-182 SKYLAN,A,226,11,1,13,13,1,A,7,,,,1TE6,MOORE AIRPORT (WILDORADO),TX,ASW,,LANDING ROLL,DUSK,,0,,0.0,1G51,CATTLE,1,OTHER,,1,1,0,0,0,0,0,1,0,1,0,0,0,0,0,0,0,0,1,0,0,0,1,1,1,0,0,0,0,0,0
221264,2003,7,8,BUS,BUSINESS,C-172,A,226,7,1,7,19,1,A,7,,,,ZZZZ,UNKNOWN,,,false,EN ROUTE,DAY,NONE,800,110,,UNKBL,UNKNOWN LARGE BIRD,1,OTHER,2,,1,0,0,0,0,0,0,0,1,0,0,0,0,0,0,0,0,1,1,1,0,1,0,1,0,0,0,1,0,0
217944,2003,3,15,BUS,BUSINESS,C-182 SKYLAN,A,226,11,1,7,31,1,A,7,,,,ZZZZ,UNKNOWN,,,false,EN ROUTE,DAY,NONE,1000,105,,K1002,TURKEY VULTURE,1,PRECAUTIONARY LANDING,,1,1,0,0,1,1,0,0,0,0,0,0,0,0,0,0,0,1,0,0,0,0,0,0,0,0,0,0,0,1,1
248457,2003,5,15,PVT,PRIVATELY OWNED,MOONEY-20B/C,A,632,4,1,7,19,1,A,7,,,,ZZZZ,UNKNOWN,,,false,EN ROUTE,DAY,NONE,1000,120,,K1002,TURKEY VULTURE,1,PRECAUTIONARY LANDING,,1,1,0,0,1,1,0,0,0,0,0,0,0,0,0,0,0,0,0,0,0,0,0,0,0,0,0,0,0,0,0
227586,2004,8,2,UAL,UNITED AIRLINES,B-747-400,A,148,34,5,34,46,4,D,1,1,1,1,VTBD,DON MUEANG INTL ARPT,,FGN,,TAKEOFF RUN,,,0,160,0.0,O2211,SPOTTED DOVE,1,ABORTED TAKEOFF,,4,1,0,0,0,0,0,0,0,0,1,0,0,0,0,0,1,0,0,0,0,0,0,0,1,0,0,0,0,0,0
217206,2004,3,28,UNK,UNKNOWN,MOONEY-20K,A,632,10,1,13,10,1,A,7,,,,ZZZZ,UNKNOWN,,,false,EN ROUTE,DAY,NONE,,,,UNKBL,UNKNOWN LARGE BIRD,1,PRECAUTIONARY LANDING,,1,1,0,0,1,1,0,0,0,0,0,0,0,0,0,0,0,0,0,0,0,0,0,0,0,0,0,0,0,0,0
228323,2004,7,9,BUS,BUSINESS,BN-2A ISLAND,A,172,1,2,7,31,2,A,4,4,,,ZZZZ,UNKNOWN,,,false,EN ROUTE,DAY,NONE,800,125,,NE101,HERRING GULL,1,OTHER,,1,1,0,0,1,1,0,0,0,0,0,0,0,0,0,0,0,0,0,0,0,0,0,0,0,0,0,0,0,0,0
222415,2005,3,6,PVT,PRIVATELY OWNED,C-172,A,226,7,1,,,1,A,7,,,,KBKV,BROOKSVILLE-TAMPA BAY REGNL ARPT,FL,ASO,,APPROACH,,,1000,,,K1002,TURKEY VULTURE,1,PRECAUTIONARY LANDING,,1,1,0,0,1,1,0,0,0,0,0,0,0,0,0,0,0,0,0,0,0,0,0,0,0,0,0,0,0,0,0
239345,2005,10,24,BUS,BUSINESS,HAWKER 800,A,168,8,3,19,1,2,D,5,5,,,KUGN,WAUKEGAN REGIONAL ARPT,IL,AGL,false,TAKEOFF RUN,DAY,NONE,0,112,0.0,ZX3,SPARROW,1,NONE,,1,0,1,0,0,0,0,0,0,0,0,0,0,0,0,0,0,0,0,0,0,0,0,0,0,0,0,0,0,0,0
232494,2005,9,1,BUS,BUSINESS,DA-20 FALCON,A,300,3,3,22,1,2,D,5,5,,,KLPR,LORAIN COUNTY REGIONAL ARPT,OH,AGL,,CLIMB,DUSK,NONE,15,150,,O2205,MOURNING DOVE,11-100,ENGINE SHUT DOWN,,1,1,1,1,1,1,1,1,1,1,1,1,0,0,0,0,1,0,0,0,1,1,1,0,1,1,1,0,1,0,0
236461,2005,7,3,BUS,BUSINESS,C-172,A,226,7,1,7,10,1,A,7,,,,ZZZZ,UNKNOWN,,,true,EN ROUTE,DAY,NONE,2000,80,,H51,ANHINGA,1,PRECAUTIONARY LANDING,,1,1,0,0,1,1,0,0,0,0,0,0,0,0,0,0,0,0,0,0,0,0,0,0,0,0,0,0,0,0,0
233542,2005,5,21,BUS,BUSINESS,DIAMOND 40,A,,,1,7,19,1,C,7,,,,ZZZZ,UNKNOWN,,,false,EN ROUTE,DAY,NONE,2500,,,K1,NEW WORLD VULTURES,2-10,,,1,1,0,0,1,1,0,0,0,0,0,0,0,0,0,0,0,0,0,0,0,0,0,0,0,0,0,0,0,0,0
236191,2006,1,21,FLX,FLIGHT EXPRESS,C-210 CENTUR,A,226,19,1,13,16,1,A,7,,,,KORL,EXECUTIVE ARPT,FL,ASO,false,APPROACH,DAY,NONE,2000,130,,K1001,BLACK VULTURE,1,PRECAUTIONARY LANDING,,1,1,0,0,1,1,0,0,0,0,0,0,0,0,0,0,0,0,0,0,0,0,0,0,0,0,0,0,0,0,0
238420,2006,3,14,FLX,FLIGHT EXPRESS,C-210 CENTUR,A,226,19,1,13,16,1,A,7,,,,KCPS,ST LOUIS DOWNTOWN,IL,AGL,false,APPROACH,NIGHT,NONE,3000,175,,J22,GEESE,1,OTHER,,1,1,0,0,1,1,0,0,0,0,0,0,0,0,0,0,0,0,0,0,0,0,0,0,0,0,0,0,0,1,1
244364,2006,2,28,GOV,GOVERNMENT,C-172,A,226,7,1,7,10,1,A,7,,,,ZZZZ,UNKNOWN,,,false,EN ROUTE,DAY,NONE,2500,90,,NE104,RING-BILLED GULL,1,OTHER,,1,1,0,0,1,1,0,0,0,1,0,0,0,0,0,0,0,1,0,0,0,0,1,0,0,0,1,0,0,0,1
243240,2006,3,8,PVT,PRIVATELY OWNED,C-172,A,226,7,1,13,4,1,A,7,,,,ZZZZ,UNKNOWN,,,false,EN ROUTE,NIGHT,NONE,2500,100,,UNKBM,UNKNOWN MEDIUM BIRD,2-10,OTHER,,3,1,0,0,1,1,0,0,0,0,0,0,0,0,0,0,0,0,0,0,1,1,1,0,0,1,1,0,0,0,0
238763,2006,5,26,PVT,PRIVATELY OWNED,BE-55  BARON,A,123,11,2,13,13,2,A,4,4,,,ZZZZ,UNKNOWN,,,,EN ROUTE,DAY,,2500,130,,K3302,RED-TAILED HAWK,1,PRECAUTIONARY LANDING,,1,1,0,0,1,1,0,0,0,0,0,0,0,0,0,0,0,0,0,0,0,1,1,0,0,0,0,0,0,1,1
243146,2006,12,1,BUS,BUSINESS,C-210 CENTUR,A,226,19,1,13,16,1,A,7,,,,ZZZZ,UNKNOWN,,,false,EN ROUTE,DUSK,NONE,1100,160,,UNKBM,UNKNOWN MEDIUM BIRD,1,PRECAUTIONARY LANDING,,1,1,0,0,1,1,0,0,0,0,0,0,0,0,0,0,0,0,0,0,0,0,0,0,0,0,0,0,0,0,0
243513,2006,11,20,PVT,PRIVATELY OWNED,LANCAIR COLUMBIA,A,,,1,13,20,1,A,7,,,,ZZZZ,UNKNOWN,,,false,EN ROUTE,DAY,NONE,1200,225,,K1002,TURKEY VULTURE,1,PRECAUTIONARY LANDING,,1,1,0,0,1,1,0,0,0,0,0,0,0,0,0,0,0,1,1,0,0,0,0,0,0,0,0,0,0,0,0
248428,2007,7,20,BUS,BUSINESS,C-150,A,226,5,1,13,1,1,A,7,,,,O41,WATTS-WOODLAND ARPT,CA,AWP,,APPROACH,DAY,,1000,95,,K33,HAWK,1,OTHER,,2,1,0,0,1,1,0,1,0,1,0,0,0,0,0,0,0,0,1,0,1,0,1,0,1,0,1,0,1,0,0
248926,2007,7,8,PVT,PRIVATELY OWNED,C-182 SKYLAN,A,226,11,1,13,13,1,A,7,,,,35ME,MATINICUS ISLAND ARPT,ME,ANE,,APPROACH,DAY,,75,,0.0,K3201,BALD EAGLE,,OTHER,,2,1,0,0,0,0,0,1,0,1,0,0,0,0,0,0,0,0,1,0,1,0,1,0,1,0,0,0,1,0,0
252526,2007,7,20,BUS,BUSINESS,G-164 AG CAT,A,417,6,1,19,4,1,A,7,,,,4IA2,WALKER FIELD (IA),IA,ACE,,CLIMB,DAY,,50,80,0.0,UNKBM,UNKNOWN MEDIUM BIRD,2-10,PRECAUTIONARY LANDING,,1,1,0,0,0,1,0,1,1,1,0,0,0,0,0,0,0,0,1,0,1,0,1,0,1,0,1,0,1,0,0
248070,2007,3,18,BUG,MOKULELE AIRLINES,C-182 SKYLAN,A,226,11,1,13,13,1,A,7,,,,ZZZZ,UNKNOWN,,,false,EN ROUTE,DAY,,2000,100,,UNKBL,UNKNOWN LARGE BIRD,1,PRECAUTIONARY LANDING,,1,1,0,0,1,1,0,0,0,0,0,0,0,0,0,0,0,0,0,0,0,1,1,0,0,0,0,0,0,0,0
251781,2007,10,23,BUS,BUSINESS,PA-44 SEMINOLE,A,729,33,2,7,19,2,A,4,4,,,ZZZZ,UNKNOWN,,,,EN ROUTE,NIGHT,,3400,150,,J2204,CANADA GOOSE,1,OTHER,2,,1,0,1,0,1,0,1,0,1,0,0,0,0,0,0,0,0,1,1,1,0,1,0,1,1,1,0,1,0,0
255393,2008,4,9,BUS,BUSINESS,C-172,A,226,7,1,,,1,A,7,,,,KSAV,SAVANNAH/HILTON HEAD INTL ARPT,GA,ASO,false,APPROACH,DAY,NONE,2000,,20.0,K1001,BLACK VULTURE,1,PRECAUTIONARY LANDING,,1,1,0,0,1,1,0,0,0,0,0,0,0,0,0,0,0,0,0,0,0,0,0,0,0,0,0,0,0,0,0
251046,2008,6,16,BUS,BUSINESS,ALON A2,A,61,1,,13,,,,,,,,KSZT,SANDPOINT ARPT,ID,ANM,,TAKEOFF RUN,NIGHT,,0,70,0.0,1G11,WHITE-TAILED DEER,1,OTHER,,2,1,0,0,0,0,0,0,0,0,0,0,0,0,0,0,0,0,0,1,1,0,1,0,0,0,1,0,0,0,0
260583,2008,3,4,BUS,BUSINESS,CITATION,A,226,31,2,31,1,2,D,5,5,,,KPWA,WILEY POST ARPT,OK,ASW,,CLIMB,DAY,NONE,1900,,4.0,H2003,AMERICAN WHITE PELICAN,2-10,OTHER,5,,1,0,1,0,1,0,1,0,1,0,1,0,0,0,0,0,0,0,0,1,0,1,0,1,1,1,0,1,0,0
255407,2008,8,29,PVT,PRIVATELY OWNED,ERCO 415,A,334,1,1,13,34,1,A,7,,,,KSEF,SEBRING REGIONAL ARPT,FL,ASO,false,CLIMB,DAY,NONE,1300,,,UNKBM,UNKNOWN MEDIUM BIRD,1,ENGINE SHUT DOWN,,1,1,0,0,0,0,0,1,1,1,0,0,0,0,0,0,0,1,1,0,1,0,1,0,1,0,0,0,0,0,0
257493,2008,5,25,CKS,KALITTA AIR,B-747-1/200,A,148,14,5,34,13,4,D,1,1,1,1,EBBR,BRUSSELS NATIONAL,,FGN,,TAKEOFF RUN,DAY,NONE,0,,0.0,K5115,EURASIAN KESTREL,1,ABORTED TAKEOFF,,4,1,0,1,0,0,0,1,0,1,1,1,0,1,0,1,1,0,0,0,1,0,1,0,1,0,1,0,1,0,0
259571,2008,9,26,BUS,BUSINESS,CIRRUS SR 20/22,A,275,1,1,13,20,1,A,7,,,,KFXE,FORT LAUDERDALE EXECUTIVE ARPT,FL,ASO,false,CLIMB,DAY,NONE,2500,110,4.0,H51,ANHINGA,2-10,PRECAUTIONARY LANDING,,1,1,0,0,1,1,1,1,0,0,0,0,0,0,0,0,0,1,1,1,0,0,0,1,1,0,0,0,0,0,0
254133,2008,4,19,BUS,BUSINESS,PA-60 600,A,729,34,2,7,31,2,A,4,4,,,ZZZZ,UNKNOWN,,,false,,DAY,NONE,2000,180,,K1002,TURKEY VULTURE,1,PRECAUTIONARY LANDING,,1,1,0,0,1,1,0,0,0,0,0,0,0,0,0,0,0,0,0,0,0,0,0,0,0,0,0,0,0,0,0
263993,2009,6,5,BUS,BUSINESS,C-172,A,226,7,1,7,10,1,A,7,,,,ZZZZ,UNKNOWN,,,true,,DAY,,800,90,,H51,ANHINGA,1,PRECAUTIONARY LANDING,,2,1,0,0,1,1,0,0,0,0,0,0,0,0,0,0,0,0,0,0,0,0,0,0,0,0,0,0,0,0,0
261224,2009,2,1,BUS,BUSINESS,G-164 AG CAT,A,417,6,1,1,22,1,A,7,,,,ZZZZ,UNKNOWN,,,,APPROACH,,,20,100,0.0,H4105,DOUBLE-CRESTED CORMORANT,1,OTHER,,1,1,0,0,1,1,0,1,0,1,0,0,0,0,0,0,0,0,1,0,1,0,1,0,1,0,1,0,1,0,0
260720,2009,1,4,PHM,PHI INC,SIKORSKY S-76,B,813,14,2,43,1,2,F,6,,,,ZZZZ,UNKNOWN,,,,EN ROUTE,DAY,,700,135,,K3302,RED-TAILED HAWK,1,,8,1,1,0,0,1,1,0,0,1,0,0,0,0,0,0,0,0,0,0,0,0,0,0,0,0,0,0,0,0,0,0
258727,2009,1,15,AWE,US AIRWAYS,A-320,A,04A,3,4,10,1,2,D,1,1,,,KLGA,LA GUARDIA ARPT,NY,AEA,,CLIMB,DAY,NONE,2818,220,4.5,J2204,CANADA GOOSE,2-10,OTHER,,100,1,0,0,0,0,0,0,1,1,1,1,0,0,0,0,1,0,0,1,0,1,0,0,0,0,0,0,0,0,0
258923,2009,2,16,BUS,BUSINESS,C-402,A,226,33,2,13,16,2,A,4,4,,,KFLL,FORT LAUDERDALE/HOLLYWOOD INTL,FL,ASO,true,CLIMB,DAY,NONE,600,140,,K1001,BLACK VULTURE,2-10,PRECAUTIONARY LANDING,,1,1,0,0,1,1,0,0,0,0,0,0,0,0,0,0,0,0,0,0,0,0,0,0,0,0,0,0,0,0,0
300911,2010,4,6,GOV,GOVERNMENT,BE-95,A,123,19,1,13,13,2,A,4,4,,,ZZZZ,UNKNOWN,,,false,EN ROUTE,NIGHT,NONE,2700,130,,J2109,MALLARD,2-10,PRECAUTIONARY LANDING,,1,1,0,0,1,1,1,1,0,0,0,0,0,0,0,0,0,0,0,1,1,1,1,0,0,0,0,0,0,0,0
304667,2010,8,19,GOV,GOVERNMENT,C-188,A,226,13,1,13,16,1,A,7,,,,ZZZZ,UNKNOWN,,,,EN ROUTE,DUSK,,150,,,I1306,SNOWY EGRET,1,PRECAUTIONARY LANDING,,1,1,0,0,1,1,0,0,0,0,0,0,0,0,0,0,0,0,0,0,0,1,1,0,0,0,0,0,0,1,1
301283,2010,5,7,BUS,BUSINESS,PA-31-350,A,729,,2,7,31,2,A,4,4,,,ZZZZ,UNKNOWN,,,,EN ROUTE,DAY,,550,160,,J2212,CACKLING GOOSE,2-10,NONE,,1,1,0,0,1,1,0,0,0,0,0,0,0,0,0,0,0,0,0,1,1,0,0,0,0,0,0,0,0,0,0
301784,2010,4,11,PVT,PRIVATELY OWNED,PA-24 COMANCHE,A,729,20,1,7,19,1,A,7,,,,ZZZZ,UNKNOWN,,,false,EN ROUTE,DAY,NONE,1500,,,K3201,BALD EAGLE,1,PRECAUTIONARY LANDING,,2,1,0,0,1,1,1,1,0,0,0,0,0,0,0,0,0,1,0,0,0,1,1,0,0,0,0,0,0,0,0
317411,2011,10,1,BUS,BUSINESS,MAULE M-7,A,603,6,1,7,31,1,A,4,,,,KGTE,QUINN FIELD ARPT,NE,ACE,false,CLIMB,DAY,NONE,300,90,,J21,DUCK,1,PRECAUTIONARY LANDING,,2,1,0,0,1,1,0,0,0,0,0,0,0,0,0,0,0,0,0,0,0,0,0,0,0,0,0,0,0,0,0
330340,2012,12,7,BUS,BUSINESS,C-172,A,226,7,1,7,19,1,A,7,,,,KAPA,CENTENNIAL ARPT,CO,ANM,false,APPROACH,DAY,NONE,200,70,1.0,K3201,BALD EAGLE,1,OTHER,,2,1,0,0,1,1,0,0,0,0,0,0,0,0,0,0,0,0,0,0,0,0,0,0,0,0,0,0,0,0,0
329872,2012,11,21,KAP,CAPE AIR,C-402,A,226,33,2,13,16,2,A,4,4,,,ZZZZ,UNKNOWN,,,true,EN ROUTE,DAWN,NONE,2000,,,E1002,RED-THROATED LOON,1,PRECAUTIONARY LANDING,,2,1,0,0,1,1,0,0,0,0,0,0,0,0,0,0,0,0,0,0,0,0,0,0,0,0,0,0,0,1,1
330596,2012,12,29,PVT,PRIVATELY OWNED,MISC - OTHER,A,998,2,,,,,,,,,,ZZZZ,UNKNOWN,,,true,EN ROUTE,DAY,NONE,1200,101,,H6004,MAGNIFICENT FRIGATEBIRD,1,NONE,,1,1,0,0,1,1,0,0,0,0,0,0,0,0,0,0,0,0,0,0,0,0,0,0,0,0,0,0,0,0,0
325236,2012,7,18,EGF,AMERICAN EAGLE AIRLINES,EMB-145,A,332,14,3,1,10,2,D,5,5,,,KBNA,NASHVILLE INTL,TN,ASO,true,LANDING ROLL,DAY,NONE,0,100,0.0,Z6007,AMERICAN ROBIN,1,NONE,,1,0,0,0,0,0,1,0,0,0,0,0,0,0,0,0,0,0,0,0,0,0,0,0,0,0,0,0,0,0,0
331520,2013,3,23,BUS,BUSINESS,C-152,A,226,36,1,7,7,1,A,7,,,,X51,HOMESTEAD GENERAL AVIATION ARPT,FL,ASO,false,APPROACH,DAY,NONE,900,90,,UNKBL,UNKNOWN LARGE BIRD,1,,,1,1,0,0,1,1,0,0,0,0,0,0,0,0,0,0,0,0,0,0,0,0,0,0,0,0,0,0,0,1,1
338597,2013,9,22,BUS,BUSINESS,C-172,A,226,7,1,7,10,1,A,7,,,,KCGS,COLLEGE PARK ARPT,MD,AEA,false,APPROACH,DAY,NONE,800,110,7.0,UNKBL,UNKNOWN LARGE BIRD,1,OTHER,,2,1,0,0,1,1,0,0,0,0,0,0,0,0,0,0,0,1,0,0,0,0,0,0,0,0,0,0,0,1,0
332826,2013,2,13,BUS,BUSINESS,EXPERIMENTAL,,998,3,1,,,,,,,,,ZZZZ,UNKNOWN,,,,EN ROUTE,DAY,,,,,K1002,TURKEY VULTURE,1,OTHER,1,,1,0,0,0,1,0,1,0,1,0,0,0,0,0,0,0,0,1,0,1,0,1,0,1,0,1,0,1,0,0
347294,2014,6,20,BUS,BUSINESS,PA-31-350,A,729,,2,7,31,2,A,4,4,,,KORL,EXECUTIVE ARPT,FL,ASO,false,APPROACH,DAY,NONE,900,110,2.0,K1001,BLACK VULTURE,1,NONE,,2,1,0,0,1,1,0,0,0,0,0,0,0,0,0,0,0,0,0,0,0,0,0,0,0,0,0,0,0,0,0
346952,2014,6,10,BUS,BUSINESS,LIGHT-SPORT,A,,,,,,,,,,,,ZZZZ,UNKNOWN,,,,EN ROUTE,DAY,,200,110,,H4105,DOUBLE-CRESTED CORMORANT,1,OTHER,,2,1,0,0,1,1,0,0,0,0,0,0,0,0,0,0,0,0,0,0,0,0,0,0,0,0,0,0,0,0,0
350053,2014,8,11,SIL,SILVER AIRWAYS,SAAB-340,A,778,5,3,22,22,2,C,4,4,,,KMCO,ORLANDO INTL,FL,ASO,false,APPROACH,DAY,RAIN,2500,180,,K2001,OSPREY,1,OTHER,,1,1,0,0,1,0,1,1,1,1,0,0,0,0,0,0,0,1,1,0,0,1,1,0,0,0,0,0,0,1,1
357858,2015,2,13,AWE,US AIRWAYS,A-319,A,04A,6,4,23,1,2,D,1,1,,,KOMA,EPPLEY AIRFIELD,NE,ACE,true,APPROACH,DAY,NONE,,,,UNKB,UNKNOWN BIRD,1,NONE,,7,0,0,0,0,0,0,0,0,0,1,0,0,0,0,0,0,0,0,0,0,0,0,0,0,0,0,0,0,0,0