Species_Name,Count,Radome_Damage,Windshield_Damage,Nose_Damage,Engine1_Damage,Engine2_Damage,Engine3_Damage,Engine4_Damage,Propeller_Damage,Wing_or_Rotor_Damage,Fuselage_Damage,Landing_Gear_Damage,Tail_Damage,Lights_Damage,Other_Damage
UNKNOWN MEDIUM BIRD,37003,480,192,207,799,695,66,29,43,921,135,97,202,170,291
UNKNOWN SMALL BIRD,31412,93,57,68,144,106,10,2,11,207,35,26,21,76,97
UNKNOWN BIRD,6058,33,23,18,45,46,4,3,3,136,14,8,24,20,44
GULL,5744,111,36,64,199,177,9,7,28,282,34,33,30,47,99
MOURNING DOVE,3152,18,3,9,54,52,2,1,6,30,3,8,1,18,15
UNKNOWN LARGE BIRD,2691,188,69,108,111,93,12,1,16,356,67,16,62,27,70
SPARROW,2432,4,4,7,10,6,0,0,1,7,1,0,0,4,10
EUROPEAN STARLING,2417,9,5,11,34,43,3,2,4,19,5,6,3,16,15
BARN SWALLOW,2307,1,1,0,4,2,0,0,0,4,1,3,1,1,3
ROCK PIGEON,1730,34,10,10,76,45,6,2,9,66,9,17,2,13,18
HORNED LARK,1658,1,0,0,3,3,0,0,0,8,1,0,0,4,3
KILLDEER,1601,7,2,1,12,9,1,0,0,10,0,5,1,3,5
CANADA GOOSE,1412,79,52,99,115,87,9,4,43,336,66,86,52,46,89
AMERICAN KESTREL,1373,0,0,4,10,7,0,0,0,4,0,0,0,0,3
RED-TAILED HAWK,1227,29,8,10,66,51,2,2,6,80,8,23,6,16,23
BLACKBIRD,1188,9,2,7,17,12,0,1,2,20,2,1,2,8,5
HAWK,1136,20,12,16,35,22,3,1,6,99,8,8,8,9,18
WHITE-TAILED DEER,988,10,11,74,105,36,0,0,229,261,118,359,65,35,225
SWALLOW,849,2,0,0,0,2,0,0,0,0,1,1,0,1,1
PERCHING BIRDS,838,7,0,0,4,3,0,0,0,7,0,1,1,2,2
CLIFF SWALLOW,834,1,1,0,2,0,0,0,0,2,0,0,0,0,0
RING-BILLED GULL,750,16,2,8,29,32,3,2,4,22,2,8,5,12,13
DUCK,716,27,23,25,34,26,1,1,6,73,17,15,12,13,25
DOVE,688,6,0,2,15,8,0,0,1,10,3,1,1,4,2
AMERICAN ROBIN,662,15,2,6,8,8,0,0,0,14,2,1,2,1,8
EASTERN MEADOWLARK,662,2,1,0,4,2,0,1,0,0,0,2,0,1,2
TURKEY VULTURE,542,32,27,24,39,17,0,0,7,133,14,9,14,10,26
MALLARD,519,23,8,17,29,30,1,2,1,69,14,7,6,10,17
HERRING GULL,518,10,5,5,29,28,8,1,2,19,1,10,0,6,7
CHIMNEY SWIFT,451,1,1,1,0,1,0,0,0,1,0,0,0,2,1
TREE SWALLOW,441,0,0,0,0,0,0,0,0,0,0,0,0,0,0
WESTERN MEADOWLARK,412,1,0,0,5,6,0,0,0,1,0,0,0,0,0
BARN OWL,392,5,1,2,17,9,0,0,0,4,0,1,0,1,2
GEESE,363,29,26,19,12,19,2,1,4,103,17,11,21,11,17
COYOTE,356,1,0,3,4,2,0,0,6,3,2,31,0,4,5
PACIFIC GOLDEN-PLOVER,346,2,0,0,1,3,0,0,0,1,1,0,0,1,1
AMERICAN CROW,297,3,2,3,5,9,0,0,0,10,2,1,0,1,1
NEW WORLD VULTURES,285,11,14,16,9,13,0,0,3,83,10,4,15,5,16
EGRET,269,3,1,4,6,5,0,0,1,3,2,0,1,2,3
OWLS,266,4,2,3,6,2,1,0,2,7,1,2,0,2,3
BANK SWALLOW,247,0,0,0,1,0,0,0,0,0,0,0,0,1,0
GREAT BLUE HERON,246,4,2,4,16,14,1,0,2,19,1,4,3,5,6
SAVANNAH SPARROW,234,1,0,0,0,0,0,0,0,1,1,0,0,1,1
CATTLE EGRET,227,4,1,0,12,8,0,1,0,3,0,1,1,2,5
PEREGRINE FALCON,213,1,0,1,4,6,1,0,1,6,0,3,0,0,4
LAUGHING GULL,208,3,1,1,5,8,1,0,0,2,0,1,0,1,2
SNOW BUNTING,201,0,1,0,1,0,1,0,0,2,1,0,0,1,0
OSPREY,197,10,2,5,7,5,0,0,2,21,3,9,1,8,7
BALD EAGLE,179,3,4,14,8,4,0,1,5,33,7,9,9,4,10
MICROBAT,179,0,0,0,0,0,0,0,0,2,0,0,0,1,0
SANDPIPER,176,0,0,2,9,5,0,0,1,0,0,0,0,1,0
BRAZILIAN FREE-TAILED BAT,169,1,1,0,0,0,0,0,0,0,0,0,0,0,0
COMMON NIGHTHAWK,158,0,0,0,1,0,0,0,0,0,0,0,0,1,1
MEADOWLARK,155,0,1,0,0,0,0,0,0,1,1,0,1,0,1
SWAINSON'S THRUSH,153,2,0,0,1,2,0,0,0,3,0,1,0,1,1
WHITE-THROATED SPARROW,153,0,0,0,1,0,0,0,0,1,0,0,0,0,0
YELLOW-RUMPED WARBLER,152,0,0,0,0,0,0,0,0,0,0,0,0,0,0
SHORT-EARED OWL,147,1,0,1,0,5,0,0,0,2,0,0,0,0,1
CEDAR WAXWING,146,1,0,2,3,0,0,0,0,0,1,0,0,1,1
"DUCKS, GEESE, SWANS",144,8,7,8,9,10,0,0,2,26,10,3,4,5,6
CROW,144,0,2,1,2,0,0,0,0,11,3,0,0,0,1
HERMIT THRUSH,142,0,0,1,2,0,0,0,0,1,0,0,0,0,1
NORTHERN PINTAIL,141,18,2,5,16,19,0,0,1,22,5,1,6,4,8
BLACK VULTURE,139,5,10,6,7,10,0,0,1,33,6,4,5,2,12
RED-WINGED BLACKBIRD,138,2,0,1,1,2,0,0,0,0,0,0,0,1,0
PURPLE MARTIN,128,1,0,1,1,1,0,0,0,3,0,0,2,1,0
DARK-EYED JUNCO,121,1,0,0,0,0,0,0,0,0,0,0,0,1,0
AMERICAN COOT,118,6,4,6,6,4,0,1,1,17,4,2,2,0,4
SNOW GOOSE,117,23,7,21,27,18,1,0,1,47,21,4,14,3,7
SANDHILL CRANE,108,6,2,6,11,5,0,0,4,17,1,6,3,1,7
WESTERN SANDPIPER,105,2,0,0,1,0,0,0,0,0,1,0,0,0,1
ZEBRA DOVE,102,0,0,0,2,0,0,0,1,0,0,0,0,0,0
GRAY CATBIRD,99,0,0,0,0,0,0,0,0,0,0,0,0,0,0
SPOTTED DOVE,98,0,0,0,0,3,0,0,0,0,0,1,0,0,0
FINCH,96,1,0,0,0,0,0,0,0,0,0,0,0,1,0
BROWN-HEADED COWBIRD,94,0,0,0,1,1,0,0,0,0,0,1,0,0,0
RED-EYED VIREO,93,0,0,1,0,1,0,0,0,0,0,0,0,0,0
SCISSOR-TAILED FLYCATCHER,92,0,0,0,0,0,0,0,0,1,0,0,0,0,0
CALIFORNIA GULL,92,2,0,0,4,5,0,0,0,5,0,0,2,0,2
UPLAND SANDPIPER,91,1,0,1,1,3,0,0,0,1,0,1,0,0,0
AMERICAN PIPIT,89,0,0,0,0,0,0,0,0,1,0,0,0,0,0
SNOWY OWL,88,3,0,1,2,5,0,0,0,2,1,2,0,1,3
WESTERN KINGBIRD,87,0,0,0,0,0,0,0,0,2,0,0,0,0,1
GREAT HORNED OWL,87,1,0,2,5,5,1,0,0,10,2,2,1,2,1
HOUSE SPARROW,86,0,1,0,0,0,0,0,0,0,0,0,0,0,1
DOUBLE-CRESTED CORMORANT,81,4,5,5,10,7,0,1,2,15,4,3,2,2,2
RED FOX,79,0,0,0,0,0,0,0,1,0,0,3,0,1,0
,78,0,0,0,0,0,0,0,0,0,0,0,0,0,0
SWAINSON'S HAWK,77,1,0,2,4,3,1,0,0,6,1,0,0,0,0
SONG SPARROW,76,0,0,0,1,0,0,0,0,0,0,0,0,0,0
MULE DEER,76,1,0,5,5,4,0,0,21,18,9,26,4,4,20
COMMON YELLOWTHROAT,75,0,0,0,0,0,0,0,0,0,1,0,0,0,0
BLACK-TAILED JACKRABBIT,70,0,0,0,0,1,0,0,0,0,0,1,0,1,1
LEAST SANDPIPER,69,0,0,0,0,0,0,0,0,0,0,0,0,1,0
RUBY-CROWNED KINGLET,68,0,0,0,0,0,0,0,0,0,0,0,0,0,0
COMMON GRACKLE,67,3,2,1,1,1,0,0,0,2,1,1,1,1,1
GRACKLE,66,0,0,0,5,3,0,0,0,1,0,1,0,1,1
UNKNOWN BIRD OR BAT,65,0,0,0,0,0,0,0,0,0,0,0,0,1,0
VESPER BAT,64,0,0,0,0,0,0,0,0,0,0,0,0,0,0
SCALY-BREASTED MUNIA,64,0,0,0,0,0,0,0,0,0,0,0,0,0,0
OVENBIRD,64,0,0,0,0,0,0,0,0,0,0,0,0,0,1
NORTHERN SHOVELER,63,4,1,2,4,1,0,0,0,12,5,4,3,2,3
WILD TURKEY,63,2,2,2,3,3,0,0,3,7,3,5,1,1,5
AMERICAN GOLDEN-PLOVER,62,0,0,0,2,3,0,0,0,1,0,0,0,0,0
COMMON MYNA,62,0,0,0,1,1,0,0,0,0,0,0,0,0,0
GLAUCOUS-WINGED GULL,61,3,0,3,5,2,0,0,1,7,0,0,0,1,5
RING-NECKED PHEASANT,60,0,0,0,6,3,0,0,2,3,1,2,0,1,2
RED BAT,60,0,0,0,0,1,0,0,0,1,0,0,0,0,0
WILSON'S SNIPE,59,2,0,0,0,0,0,0,0,2,0,0,0,0,0
WESTERN GULL,59,1,0,0,3,3,2,0,0,3,0,1,0,1,0
BLACK-BELLIED PLOVER,59,2,0,1,1,1,0,0,0,1,0,0,0,1,1
WOODCHUCK,57,0,0,0,0,0,0,0,0,0,0,2,0,0,0
AMERICAN WIGEON,57,4,0,2,6,5,0,1,1,7,1,1,1,0,1
FRANKLIN'S GULL,57,1,0,0,2,1,0,0,0,2,0,0,0,1,1
HOUSE FINCH,56,0,0,0,0,0,0,0,0,0,0,0,0,0,1
FOXES,54,0,0,0,0,0,0,0,0,1,0,2,0,0,1
"PIGEONS, DOVES",54,0,0,0,1,1,0,1,0,0,0,0,0,1,2
THRUSHES,54,2,0,0,0,0,0,0,0,0,0,0,0,0,1
BROWN PELICAN,53,3,2,3,5,2,0,0,3,4,3,2,5,1,7
GREAT EGRET,53,2,2,1,0,1,2,0,2,5,3,1,0,0,1
WHITE-CROWNED SPARROW,52,1,0,0,0,0,0,0,0,0,0,0,0,1,1
STRIPED SKUNK,52,0,0,0,0,0,0,0,0,0,0,0,0,0,0
BURROWING OWL,52,1,0,0,1,1,0,0,0,0,0,0,0,0,0
WILSON'S WARBLER,51,0,0,0,0,0,0,0,0,0,0,0,0,0,0
GADWALL,50,2,1,0,4,5,0,0,0,11,1,2,4,0,1
PLOVERS,49,0,0,1,1,1,0,0,0,0,0,0,0,0,0
GREEN-WINGED TEAL,48,2,2,1,4,0,0,0,0,4,0,0,2,0,0
LAPLAND LONGSPUR,47,1,0,0,0,0,0,0,0,0,0,0,0,0,0
SEMIPALMATED SANDPIPER,47,0,0,0,0,0,0,0,0,0,0,0,0,0,0
YELLOW-BELLIED SAPSUCKER,46,1,1,0,0,0,0,0,0,2,0,0,0,0,0
VARIED THRUSH,46,3,0,0,0,1,0,0,0,1,0,0,2,1,3
BLACKPOLL WARBLER,46,0,0,0,0,0,0,0,0,0,0,0,0,0,0
HERONS,46,1,0,2,1,1,1,0,1,4,0,1,0,1,0
DUNLIN,45,0,0,0,4,3,0,0,0,0,0,0,0,0,0
GREAT BLACK-BACKED GULL,45,0,0,1,3,1,1,1,0,1,0,2,0,1,2
WOOD WARBLER,44,0,0,0,1,0,0,0,0,0,0,0,0,0,0
GREATER WHITE-FRONTED GOOSE,44,5,0,3,4,9,1,0,0,15,4,4,3,1,4
HOARY BAT,43,0,0,0,0,0,0,0,0,0,0,0,0,0,0
YELLOW WARBLER,43,0,0,0,0,0,0,0,0,1,0,0,0,0,1
RABBIT,42,0,0,0,0,0,0,0,0,0,0,0,0,0,0
STARLINGS,42,0,0,0,1,0,0,0,0,1,0,0,0,0,0
FALCON,42,0,0,0,1,0,0,0,0,1,0,0,0,0,1
TERNS,41,0,0,0,0,1,0,0,0,1,0,0,0,0,0
VIRGINIA OPOSSUM,41,0,0,0,0,0,0,0,0,0,0,0,0,0,1
FREE-TAILED BATS,41,0,0,0,0,0,0,0,0,0,0,0,0,0,0
CHIPPING SPARROW,40,0,0,0,0,1,0,0,0,0,0,0,0,0,0
NORTHERN HARRIER,40,0,0,0,0,0,0,0,0,2,0,0,0,0,1
BLUE-WINGED TEAL,39,4,0,0,2,1,0,0,0,7,3,1,1,0,1
SILVER-HAIRED BAT,39,0,0,0,0,0,0,0,0,0,0,0,0,0,0
NORTHERN ROUGH-WINGED SWALLOW,39,0,1,0,0,0,0,0,0,0,0,0,0,0,0
EURASIAN SKYLARK,39,0,0,0,0,0,0,0,0,0,0,0,0,0,0
PERCHING BIRDS (Z),38,0,0,0,0,0,0,0,0,0,1,0,0,0,0
LINCOLN'S SPARROW,38,0,0,0,0,0,0,0,0,0,0,0,0,0,0
GRASSHOPPER SPARROW,37,1,0,0,0,0,0,0,0,0,0,0,0,1,0
SWAMP SPARROW,37,0,0,0,0,0,0,0,0,0,0,0,0,0,0
DOMESTIC DOG,37,0,2,4,2,1,0,0,9,4,2,9,2,1,1
LAYSAN ALBATROSS,37,0,0,1,0,1,0,1,1,3,1,0,0,1,1
RACCOON,37,0,0,1,1,1,0,0,2,1,0,4,0,0,1
"RAPTORS: HAWKS, EAGLES, VULTURES, KITES, OSPREY, F",37,1,0,2,1,0,0,0,0,10,1,0,1,0,2
NORTHERN MOCKINGBIRD,36,0,0,0,0,0,0,0,0,1,0,0,0,1,0
MEW GULL,36,0,0,0,2,1,0,0,0,1,0,0,0,0,2
FOX SPARROW,36,1,0,0,0,0,0,0,0,0,0,0,1,1,0
NORTHERN FLICKER,36,1,0,1,0,0,0,0,0,2,0,0,1,1,1
CHESTNUT MUNIA,36,0,0,0,0,0,0,0,0,0,0,0,0,0,0
LARK BUNTING,35,0,0,0,1,0,0,0,0,0,0,0,0,0,0
MERLIN,35,0,0,0,1,0,0,0,0,0,0,0,0,0,0
COOPER'S HAWK,35,0,0,0,1,0,0,0,0,3,0,0,0,0,0
BIG BROWN BAT,35,0,0,0,0,0,0,0,0,0,0,0,0,0,0
MUNIAS,35,0,0,0,0,0,0,0,0,0,0,0,0,0,0
WREN,34,0,0,0,1,1,0,0,0,0,0,0,0,0,0
ROUGH-LEGGED HAWK,34,2,0,0,0,1,0,0,1,2,0,1,0,1,1
AMERICAN REDSTART,33,0,0,0,1,0,0,0,0,0,0,0,0,0,0
AMERICAN GOLDFINCH,33,0,0,0,0,0,0,0,0,0,0,0,0,0,0
PALM WARBLER,30,0,0,0,0,0,0,0,0,0,0,0,0,0,0
WHITE-THROATED SWIFT,30,0,0,0,1,0,0,0,0,0,0,0,0,0,0
WHITE-WINGED DOVE,29,1,0,0,0,0,0,0,0,2,0,0,0,0,0
LESSER SCAUP,29,4,1,2,3,3,0,0,1,1,1,0,1,0,3
GREATER SAGE-GROUSE,29,0,0,0,4,2,0,0,0,4,0,1,0,1,0
AMERICAN WOODCOCK,29,0,0,1,0,0,0,0,0,0,0,0,0,0,0
NORTHERN WATERTHRUSH,29,0,0,0,0,0,0,0,0,0,0,0,0,0,0
WOOD THRUSH,28,0,0,0,0,0,0,0,0,0,1,0,0,0,0
RED-SHOULDERED HAWK,28,0,2,0,0,1,0,0,0,1,0,0,0,0,1
BLACK-CROWNED NIGHT-HERON,28,1,0,0,3,0,1,0,0,3,1,0,0,0,1
PECTORAL SANDPIPER,27,1,0,0,0,0,0,0,0,1,0,0,0,0,2
YELLOW-BILLED CUCKOO,27,1,0,0,0,0,0,0,0,1,2,0,0,0,0
BOBOLINK,27,0,0,0,0,0,0,0,0,0,0,0,0,0,0
SEMIPALMATED PLOVER,27,0,0,0,0,0,0,0,0,0,0,0,0,0,0
WHITE-TAILED KITE,27,0,0,0,1,1,0,0,0,2,0,0,0,0,0
BATS,26,0,1,0,1,0,0,0,0,1,0,0,0,0,0
VAUX'S SWIFT,26,0,0,0,0,0,0,0,0,0,0,0,0,0,0
"GULLS,TERNS, KITTIWAKES",25,1,0,1,1,0,0,0,0,0,1,0,0,0,0
RUDDY DUCK,25,2,0,4,4,0,0,0,0,4,1,0,1,0,0
COMMON RAVEN,25,0,0,1,1,1,0,0,0,4,0,0,0,0,1
EASTERN KINGBIRD,24,1,0,0,0,0,0,0,0,0,0,0,0,0,0
VESPER SPARROW,24,0,0,0,0,0,0,0,0,1,0,0,0,0,0
NASHVILLE WARBLER,24,0,0,0,0,0,0,0,0,0,0,0,0,0,0
SORA,24,1,0,1,0,0,0,0,0,1,0,0,0,0,0
WARBLING VIREO,24,0,0,0,0,0,0,0,0,0,0,0,0,1,0
ORANGE-CROWNED WARBLER,23,0,0,0,0,0,0,0,0,0,0,0,0,0,0
SHOREBIRD,23,0,0,0,0,0,0,0,0,0,0,0,0,0,0
COMMON LOON,23,3,0,2,4,4,0,0,1,4,2,0,0,0,2
ANHINGA,23,0,6,2,3,2,0,0,1,2,0,1,0,0,2
MAGNOLIA WARBLER,23,0,0,0,0,0,0,0,0,0,0,0,0,0,0
BROAD-WINGED HAWK,22,1,1,1,2,1,0,0,0,3,1,0,0,0,2
INDIGO BUNTING,22,0,0,0,0,0,0,0,0,0,0,0,0,0,0
WOOD DUCK,22,2,0,1,2,2,0,0,0,5,0,0,0,1,0
BONAPARTE'S GULL,22,0,0,0,1,1,0,0,0,0,0,0,0,0,0
WESTERN GREBE,21,1,2,1,1,2,0,0,1,1,2,0,1,0,0
HOUSE WREN,20,0,0,0,0,0,0,0,0,0,1,0,0,0,0
SCARLET TANAGER,20,0,0,0,0,1,0,0,0,0,1,0,0,0,0
TYRANT FLYCATCHERS,20,0,0,0,0,0,0,0,0,0,0,0,0,0,0
RING-NECKED DUCK,20,1,0,2,3,1,0,0,1,4,1,2,0,0,2
AMERICAN BLACK DUCK,20,1,0,1,1,0,0,0,1,2,0,1,1,0,0
BALTIMORE ORIOLE,19,1,0,1,0,0,0,0,0,0,0,0,0,0,0
RUBY-THROATED HUMMINGBIRD,19,0,0,0,0,0,0,0,0,0,0,0,0,0,0
BLACK-AND-WHITE WARBLER,19,0,0,0,0,0,0,0,0,0,0,0,0,0,0
YELLOW BITTERN,19,0,0,0,0,0,0,0,0,0,0,0,0,0,0
VEERY,18,0,0,0,0,0,0,0,0,0,0,0,0,0,0
GREAT-TAILED GRACKLE,18,0,0,0,0,0,0,0,0,0,0,0,0,0,0
TENNESSEE WARBLER,18,0,0,0,0,0,0,0,0,0,0,0,0,0,0
DEER,18,0,1,1,1,1,0,0,4,3,3,3,3,3,3
BOAT-TAILED GRACKLE,18,0,0,0,0,1,1,0,0,0,0,0,0,0,0
SNOWY EGRET,18,0,1,0,1,1,1,0,0,0,1,0,0,0,1
AMERICAN WHITE PELICAN,18,5,2,5,3,4,0,0,0,6,2,3,2,2,2
GRAY-CHEEKED THRUSH,17,0,0,0,0,0,0,0,0,0,0,0,0,0,0
BLACK-THROATED BLUE WARBLER,17,0,0,0,0,0,0,0,0,0,0,0,0,0,0
BLUE-GRAY GNATCATCHER,17,0,0,0,0,0,0,0,0,0,0,0,0,0,0
UNKNOWN TERRESTRIAL MAMMAL,17,0,0,0,1,0,0,0,1,0,0,2,0,0,2
VIOLET-GREEN SWALLOW,17,0,0,0,0,0,0,0,0,0,0,0,0,1,0
BUFF-BREASTED SANDPIPER,17,0,0,0,0,0,0,0,0,0,0,0,0,1,0
CANVASBACK,17,2,0,0,4,1,0,0,1,4,1,0,0,0,1
TOWNSEND'S WARBLER,17,0,0,0,0,0,0,0,0,0,0,0,0,0,0
CAVE SWALLOW,16,0,0,0,0,0,0,0,0,0,0,0,0,0,0
CANADA WARBLER,16,0,0,0,0,0,0,0,0,0,0,0,0,0,0
PACIFIC-SLOPE FLYCATCHER,16,0,0,0,0,0,0,0,0,0,0,0,0,0,0
FIELD SPARROW,16,0,0,0,0,0,0,0,0,0,0,0,0,0,0
BRANT,16,0,0,2,5,0,1,0,0,3,0,1,1,1,0
YELLOW-CROWNED NIGHT-HERON,16,0,0,1,3,1,0,0,0,2,2,0,0,0,0
WESTERN TANAGER,16,0,0,0,0,0,0,0,0,1,0,0,0,0,0
PIED-BILLED GREBE,16,1,0,1,0,0,0,0,0,3,0,0,0,0,0
BAND-TAILED PIGEON,16,1,0,1,0,0,0,0,0,3,0,0,0,1,1
GOLDEN-CROWNED KINGLET,16,0,0,0,0,0,0,0,0,0,0,0,0,0,0
PINE SISKIN,15,0,0,0,1,0,0,0,0,0,0,0,0,0,0
SWIFTS,15,0,0,0,0,0,0,0,0,0,0,0,0,0,0
PIGEONS,15,0,0,0,0,0,0,0,0,1,0,0,0,0,0
EURASIAN COLLARED DOVE,14,0,0,0,0,0,0,0,0,0,0,0,0,0,0
KENTUCKY WARBLER,14,0,0,0,0,0,0,0,0,0,0,0,0,0,0
EASTERN PHOEBE,14,0,0,0,0,0,0,0,0,0,0,0,0,0,0
TURTLE,14,0,0,0,0,0,0,0,0,0,0,0,0,0,0
BLUE JAY,13,0,0,0,0,0,0,0,0,0,0,0,0,0,0
GRAY PARTRIDGE,13,0,0,1,1,0,0,0,0,0,0,0,0,1,1
WILSON'S PHALAROPE,13,0,0,1,1,0,0,0,0,1,0,0,0,0,1
LEAST TERN,13,0,0,0,0,0,0,0,0,0,0,0,0,0,0
WOOD STORK,13,1,0,3,1,1,0,0,0,1,1,0,0,0,0
PINE WARBLER,13,0,0,0,0,0,0,0,0,0,0,0,0,0,0
WHITE-TAILED JACKRABBIT,13,0,0,0,0,0,0,0,0,0,0,0,0,0,0
PRAIRIE FALCON,13,0,1,0,0,0,0,0,0,0,0,0,0,0,1
MOTTLED DUCK,13,1,0,0,1,1,0,0,0,0,0,1,0,0,0
NORTHERN PARULA,13,0,0,0,0,0,0,0,0,0,0,0,0,0,0
FERRUGINOUS HAWK,13,0,0,1,0,1,0,0,0,0,1,2,1,0,0
TUNDRA SWAN,13,2,0,3,1,3,0,0,2,5,3,1,2,1,3
CHESTNUT-SIDED WARBLER,12,0,0,0,0,0,0,0,0,0,0,0,0,0,0
AMERICAN TREE SPARROW,12,0,0,0,0,0,0,0,0,0,0,0,0,0,0
WHITE-FACED IBIS,12,1,0,1,3,0,0,0,0,1,2,0,1,0,3
CACKLING GOOSE,12,1,1,0,2,1,0,0,0,4,0,1,0,0,1
WHITE-EYED VIREO,12,1,0,0,0,0,0,0,0,1,0,0,0,0,0
EASTERN COTTONTAIL,12,0,0,0,0,0,0,0,0,0,0,1,0,0,0
BONIN PETREL,12,0,0,0,0,0,0,0,0,0,0,0,0,0,0
DICKCISSEL,12,0,0,0,0,0,0,0,0,1,0,0,0,0,0
BAIRD'S SANDPIPER,12,0,0,0,0,0,0,0,0,1,0,0,0,0,0
BREWER'S SPARROW,12,0,0,0,0,0,0,0,0,0,0,0,0,0,0
GOLDEN EAGLE,12,0,1,0,0,0,0,0,0,0,1,1,0,0,1
GLAUCOUS GULL,11,1,0,0,0,1,0,0,0,0,0,0,0,0,0
LESSER YELLOWLEGS,11,1,0,0,0,0,0,0,0,1,1,0,1,0,0
MEGABATS,11,0,0,0,2,0,0,0,0,0,0,0,0,0,0
GREEN HERON,11,0,0,0,0,0,0,0,0,0,0,0,0,0,0
BLACK-CAPPED CHICKADEE,11,0,0,0,0,0,0,0,0,0,0,0,0,1,0
WAPITI (ELK),11,2,2,5,5,1,0,0,6,3,4,4,1,1,5
MOUNTAIN BLUEBIRD,11,0,0,0,0,0,0,0,0,0,0,0,0,0,0
SANDERLING,11,0,0,0,0,0,0,0,0,0,0,1,0,0,0
BLACK-THROATED GREEN WARBLER,11,0,0,0,0,0,0,0,0,0,0,0,0,0,0
BREWER'S BLACKBIRD,10,0,0,0,0,0,0,0,0,0,0,0,0,0,1
"PLOVERS, LAPWINGS",10,0,0,0,0,0,0,0,0,0,0,0,0,0,0
YELLOW-HEADED BLACKBIRD,10,0,0,0,0,1,0,0,0,0,0,0,0,0,1
ROSE-BREASTED GROSBEAK,10,0,0,0,0,0,0,0,0,0,0,0,0,0,0
BARRED OWL,10,0,0,0,1,0,0,0,0,0,0,0,0,0,0
GREAT CRESTED FLYCATCHER,9,0,0,0,0,0,0,0,0,0,0,0,0,0,0
EASTERN TOWHEE,9,0,0,0,0,0,0,0,0,0,0,0,0,0,1
RED-NECKED PHALAROPE,9,0,1,0,0,0,0,0,0,0,0,0,1,0,1
BLACK-BILLED MAGPIE,9,0,0,0,1,0,0,0,0,1,0,0,0,0,1
SHARP-SHINNED HAWK,9,1,0,0,0,0,0,0,0,1,0,0,0,0,0
BROWN THRASHER,9,0,0,0,0,0,0,0,0,0,0,0,0,0,1
CATTLE,9,0,0,3,2,0,0,0,2,2,3,3,1,0,4
PRONGHORN,9,0,1,1,1,0,0,0,4,1,5,1,1,0,2
EASTERN PIPISTRELLE,9,0,0,0,0,0,0,0,0,0,0,0,0,0,0
GREAT FRIGATEBIRD,9,0,0,0,0,0,0,0,0,2,0,0,0,0,0
SKUNK,9,0,0,0,0,0,0,0,0,0,0,0,0,0,0
LOGGERHEAD SHRIKE,9,0,0,0,0,0,0,0,0,0,0,0,0,0,0
CHUCK-WILL'S-WIDOW,9,0,0,0,0,0,0,0,0,0,0,0,0,0,0
ALDER FLYCATCHER,9,0,0,0,0,0,0,0,0,0,0,0,0,0,1
MARSH WREN,9,0,0,0,0,0,0,0,0,1,0,0,0,0,0
COMMON SNAPPING TURTLE,9,0,0,0,0,0,0,0,0,0,0,0,0,0,0
SPOTTED SANDPIPER,8,0,1,0,0,0,0,0,0,1,0,0,0,0,0
QUAILS,8,0,0,0,0,0,0,0,0,0,0,0,0,0,0
YELLOW-BELLIED FLYCATCHER,8,0,0,0,0,0,0,0,0,0,0,0,0,0,0
DOMESTIC CAT,8,0,0,0,0,0,0,0,0,0,0,0,0,0,0
NORTH AMERICAN PORCUPINE,8,0,0,0,0,0,0,0,0,0,0,0,0,0,0
ARMADILLO,8,0,0,0,0,0,0,0,0,0,0,1,0,0,0
CRESTED CARACARA,8,0,0,0,2,1,0,0,0,0,0,0,0,0,0
COMMON SWIFT,8,0,0,0,0,0,0,0,0,0,0,0,0,1,0
BROWN NODDY,8,0,0,0,0,0,0,0,0,0,0,0,0,0,0
BUFFLEHEAD,8,1,0,0,1,0,0,0,0,1,0,0,0,0,1
EAGLES,8,0,0,0,0,0,0,0,1,1,0,0,0,1,1
LONG-TAILED DUCK,8,1,1,1,1,0,0,0,0,0,0,0,0,0,1
HOODED MERGANSER,8,1,0,0,1,0,0,0,0,0,0,0,0,0,1
YELLOW-BREASTED CHAT,8,0,0,0,0,0,0,0,0,0,0,0,0,0,0
GREATER SCAUP,8,2,0,0,0,0,0,0,0,1,0,0,1,0,1
LITTLE BROWN BAT,8,0,0,0,0,0,0,0,0,0,0,0,0,0,0
BLUE-HEADED VIREO,8,0,0,0,0,0,0,0,0,0,0,0,0,0,0
"BLACKBIRDS, MEADOWLARKS, ORIOLES",7,0,0,0,0,1,0,0,0,1,0,0,0,0,0
AMERICAN BITTERN,7,0,0,0,0,0,0,0,0,1,0,0,1,0,0
MOURNING WARBLER,7,0,0,0,0,0,0,0,0,0,0,0,0,0,0
YELLOW-THROATED WARBLER,7,0,0,0,0,0,0,0,0,0,0,0,0,0,0
SHORT-BILLED DOWITCHER,7,0,1,0,0,0,0,0,0,2,1,0,1,0,1
LEAST FLYCATCHER,7,0,0,0,0,0,0,0,0,0,0,0,0,0,0
NORTHERN BOBWHITE,7,0,0,0,0,0,0,0,0,0,0,1,0,0,1
LARK SPARROW,7,0,0,0,0,0,0,0,0,0,0,0,1,0,0
INCA DOVE,7,0,0,0,0,0,0,0,0,0,0,0,0,0,0
GREEN IGUANA,7,0,0,0,0,0,0,0,0,0,0,0,0,0,0
YELLOW-BILLED MAGPIE,7,0,0,0,0,0,0,0,0,0,0,0,0,0,0
BLACK-HEADED GULL,7,0,0,0,0,0,0,0,0,1,0,0,0,0,0
EASTERN WOOD-PEWEE,7,0,0,0,0,0,0,0,0,0,0,0,0,0,0
BLACKBURNIAN WARBLER,7,0,0,0,0,0,0,0,0,0,0,0,0,0,0
HAWAIIAN DUCK,7,0,0,0,0,0,0,0,0,0,0,0,0,0,0
COMMON TERN,7,0,0,0,0,0,0,0,0,1,1,0,0,0,0
GREBES,6,0,0,0,0,0,0,0,0,0,0,0,0,1,0
CASPIAN TERN,6,0,0,0,0,1,0,0,0,0,0,0,0,0,0
SMITH'S LONGSPUR,6,0,0,0,0,0,0,0,0,0,0,0,0,0,0
"THRASHERS, MOCKINGBIRDS, CATBIRDS",6,0,0,0,0,0,0,0,0,0,0,0,0,0,0
GOPHER TORTOISE,6,0,0,0,0,0,0,0,0,0,0,0,0,0,0
HAMMOND'S FLYCATCHER,6,0,0,0,0,0,0,0,0,0,0,0,0,0,0
LESSER NIGHTHAWK,6,0,0,0,0,0,0,0,0,0,0,0,0,0,0
AMERICAN ALLIGATOR,6,0,1,0,0,0,0,0,0,1,1,0,1,0,1
COMMON GRAY FOX,6,0,0,0,0,0,0,0,0,0,0,2,0,0,0
WHITE IBIS,6,0,0,0,0,1,0,0,0,0,0,0,0,0,0
WOODPECKERS,6,0,0,0,0,0,0,0,0,1,0,0,0,0,0
GREATER YELLOWLEGS,6,0,1,0,0,0,0,0,0,1,1,0,0,0,0
PRAIRIE WARBLER,6,0,0,0,0,0,0,0,0,0,0,0,0,0,0
WILLOW PTARMIGAN,6,1,1,0,0,0,0,0,0,1,0,0,0,0,0
RAILS,6,0,0,0,0,1,0,0,0,0,0,0,0,0,0
COMMON WOOD-PIGEON,6,0,0,0,0,0,0,0,0,0,0,0,0,0,0
WHITE TERN,6,0,0,0,1,0,0,0,0,0,0,0,0,0,0
RUFOUS HUMMINGBIRD,6,0,0,0,0,0,0,0,0,0,0,0,0,0,0
LONG-BILLED DOWITCHER,6,0,0,0,0,0,0,0,0,0,0,0,0,0,0
BLACK-HEADED GROSBEAK,6,0,0,0,0,0,0,0,0,0,0,0,0,0,0
ACADIAN FLYCATCHER,5,0,0,0,0,0,0,0,0,0,0,0,0,0,0
"HERONS, EGRETS, BITTERNS",5,0,0,0,0,0,0,0,0,1,0,0,0,0,0
CUCKOOS,5,1,0,0,0,0,0,0,0,1,0,0,0,0,0
EUROPEAN GOLDEN-PLOVER,5,0,0,0,0,0,0,0,0,0,0,0,0,0,0
GROUSE,5,0,0,0,0,0,0,0,1,1,0,0,0,0,0
BLACK NODDY,5,0,0,0,0,0,0,0,0,0,0,0,0,0,0
SAGE SPARROW,5,0,0,0,0,0,0,0,0,0,0,0,0,0,0
SHARP-TAILED GROUSE,5,0,1,0,0,0,0,0,0,1,0,0,0,0,0
BLACK-FOOTED ALBATROSS,5,0,0,1,0,0,0,0,0,0,0,0,0,0,0
ORIOLES,5,0,0,0,2,0,0,0,0,0,0,0,0,0,0
MUTE SWAN,5,0,0,0,0,0,0,0,0,2,0,0,0,0,0
NORTHERN SAW-WHET OWL,5,1,0,0,0,0,0,0,0,0,0,0,0,0,0
WINTER WREN,5,0,0,0,0,0,0,0,0,0,0,0,0,0,0
HARRIS'S SPARROW,5,0,0,0,0,0,0,0,0,0,0,0,0,0,0
PELICANS,5,0,0,0,0,0,0,0,0,3,0,0,0,0,0
RUDDY TURNSTONE,5,0,0,0,0,0,0,0,0,0,0,0,0,0,0
LESSER BLACK-BACKED GULL,5,0,0,0,1,0,0,0,0,1,0,0,0,0,0
WEDGE-TAILED SHEARWATER,5,0,0,0,0,0,0,0,0,0,0,0,0,0,0
HORNED GREBE,5,1,1,0,1,0,0,0,0,0,0,0,0,0,1
EARED GREBE,5,0,0,0,0,0,0,0,0,2,0,0,1,0,0
BAY-BREASTED WARBLER,5,0,0,0,0,0,0,0,0,0,0,0,0,0,0
RED AVADAVAT,5,0,0,0,0,0,0,0,0,0,0,0,0,0,0
ANNA'S HUMMINGBIRD,5,0,0,0,0,0,0,0,0,0,0,0,0,0,0
WHIMBREL,5,1,0,1,1,1,0,0,0,0,0,0,0,0,0
SEMINOLE BAT,4,0,0,0,0,0,0,0,0,0,0,0,0,0,0
GUNNISON'S PRAIRIE DOG,4,0,0,0,0,0,0,0,0,0,0,0,0,0,0
GREEN-TAILED TOWHEE,4,0,0,0,0,0,0,0,0,0,0,0,0,0,0
BLACK-NECKED STILT,4,0,0,0,0,0,0,0,0,0,0,0,0,0,0
HOODED WARBLER,4,0,0,0,0,0,0,0,0,0,0,0,0,1,0
NIGHTJARS,4,0,0,0,0,0,0,0,0,0,0,0,0,0,0
SWALLOW-TAILED KITE,4,0,0,0,0,0,0,0,0,0,0,0,0,0,0
IBISES,4,0,0,0,0,0,0,0,0,0,0,0,0,0,0
LONG-EARED OWL,4,0,0,0,2,1,0,0,0,1,0,0,0,0,0
RED-THROATED LOON,4,0,1,1,1,0,0,0,0,0,0,0,0,0,1
BLACK-BILLED CUCKOO,4,0,0,0,0,0,0,0,0,0,0,0,0,0,0
RED-BREASTED MERGANSER,4,0,1,0,0,0,0,0,0,0,0,0,0,0,0
WHITE-THROATED MUNIA,4,0,0,0,0,0,0,0,0,0,0,0,0,0,0
WILLOW FLYCATCHER,4,0,0,0,0,0,0,0,0,0,0,0,0,0,0
WHIP-POOR-WILL,4,0,0,0,0,0,0,0,0,0,0,0,0,0,0
EURASIAN KESTREL,4,1,0,1,1,1,1,1,0,1,1,1,1,1,0
BULLOCK'S ORIOLE,4,0,0,0,0,0,0,0,0,0,0,0,0,0,0
RED-CRESTED CARDINAL,4,0,0,0,0,0,0,0,0,0,0,0,0,0,0
VIRGINIA RAIL,4,0,0,0,0,0,0,0,0,0,0,0,0,0,0
ASH-THROATED FLYCATCHER,4,0,0,0,0,0,0,0,0,0,0,0,0,0,0
SUMMER TANAGER,4,0,0,0,0,0,0,0,0,0,0,0,0,0,0
SOLITARY SANDPIPER,4,1,0,1,0,0,0,0,0,0,0,0,0,0,0
BLACK-BELLIED WHISTLING-DUCK,4,0,0,0,2,0,0,0,0,0,0,0,1,0,0
RED-NAPED SAPSUCKER,4,1,0,0,0,0,0,0,0,0,0,0,0,0,0
MONK PARAKEET,4,0,0,0,0,0,0,0,0,0,0,0,0,0,0
MCCOWN'S LONGSPUR,3,0,0,0,0,0,0,0,0,0,0,0,0,0,0
CHESTNUT-COLLARED LONGSPUR,3,0,0,0,0,0,0,0,0,0,0,0,0,0,0
LITTLE BLUE HERON,3,0,0,0,0,0,0,0,0,0,0,0,0,0,0
LOONS,3,0,1,0,0,0,0,0,0,0,0,0,0,0,1
CAPE MAY WARBLER,3,0,0,0,0,0,0,0,0,0,0,0,0,0,0
MOOSE,3,0,0,0,0,0,0,0,1,1,0,0,0,0,0
VIREOS,3,0,0,0,0,0,0,0,0,0,0,0,0,0,0
MISSISSIPPI KITE,3,0,0,0,0,0,0,0,0,0,0,0,0,0,0
EASTERN SCREECH-OWL,3,0,0,1,0,1,0,0,0,1,0,0,0,0,0
RED KNOT,3,0,0,0,0,0,0,0,0,0,0,0,0,0,0
CASSIN'S VIREO,3,0,0,0,0,0,0,0,0,0,0,0,0,0,0
HOODED ORIOLE,3,0,0,0,0,0,0,0,0,0,0,0,0,0,0
ZENAIDA DOVE,3,0,0,0,1,0,0,0,0,0,0,0,0,0,0
WORM-EATING WARBLER,3,0,0,0,0,0,0,0,0,0,0,0,1,0,0
PARROTS,3,0,0,0,0,0,0,0,0,0,0,0,0,0,0
EVENING BAT,3,0,0,0,0,0,0,0,0,0,0,0,0,0,0
CANIDS,3,0,0,0,0,0,0,0,0,0,0,1,0,0,0
HORSE,3,0,0,0,0,0,0,0,2,1,1,2,1,0,0
ARCTIC TERN,3,0,0,0,0,0,0,0,0,0,1,0,0,0,0
BLACK FRANCOLIN,3,0,0,0,0,0,0,0,0,0,0,0,0,0,0
SAY'S PHOEBE,3,0,0,0,0,0,0,0,0,0,0,0,0,0,0
CLAY-COLORED SPARROW,3,0,0,0,0,0,0,0,0,0,0,0,0,0,0
COMMON MOORHEN,3,0,0,0,0,0,0,0,0,1,0,0,0,0,0
EASTERN BLUEBIRD,3,0,0,0,0,0,0,0,0,0,0,0,0,0,0
CAROLINA WREN,3,0,0,0,0,0,0,0,0,0,0,0,0,0,0
EURASIAN BUZZARD,3,0,0,0,0,0,0,0,0,1,0,0,0,0,0
GOLDEN-CROWNED SPARROW,3,0,0,0,0,0,0,0,0,0,0,0,0,0,0
AMERICAN AVOCET,3,0,0,1,0,0,0,0,0,0,0,0,0,0,0
"WAXBILLS, MANNIKINS, PARROTFINCHES",3,0,0,0,0,0,0,0,0,0,0,0,0,0,0
ORCHARD ORIOLE,3,0,0,0,0,0,0,0,0,0,0,0,0,0,0
COMMON GOLDENEYE,3,0,0,0,1,0,0,0,0,1,0,0,0,0,0
YELLOW-LEGGED GULL,3,1,0,0,1,3,0,0,0,1,0,2,0,0,0
BLACK KITE,3,0,0,0,0,1,0,1,0,0,0,0,0,0,0
RED-VENTED BULBUL,3,0,0,0,0,0,0,0,0,0,0,0,0,0,0
PTARMIGANS,3,0,0,0,0,0,0,0,1,0,0,0,0,0,0
GRAY FLYCATCHER,3,0,0,0,0,0,0,0,0,0,0,0,0,0,0
PHILADELPHIA VIREO,3,0,0,0,0,0,0,0,0,0,0,0,0,0,0
COMMON POORWILL,3,0,0,0,0,0,0,0,0,0,0,0,0,0,0
LE CONTE'S SPARROW,3,0,0,0,0,0,0,0,0,0,0,0,0,0,0
RED CROSSBILL,3,0,0,0,0,0,0,0,0,0,0,0,0,0,0
MACGILLIVRAY'S WARBLER,3,0,0,0,0,0,0,0,0,0,0,0,0,0,0
COMMON WAXBILL,3,0,0,0,0,0,0,0,0,0,0,0,0,0,0
DIAMONDBACK TERRAPIN,3,0,0,0,0,0,0,0,0,0,0,0,0,0,0
REDHEAD,3,0,0,0,1,0,0,0,0,1,1,1,0,0,1
BUDGERIGAR,2,0,0,0,0,0,0,0,0,0,0,0,0,0,0
COMMON EIDER,2,0,0,0,0,1,0,0,0,1,0,0,0,0,0
EVENING GROSBEAK,2,0,0,0,0,0,0,0,0,0,0,0,0,0,0
PIPITS,2,0,0,0,0,0,0,0,0,0,0,0,0,0,0
KIT FOX,2,0,0,0,0,0,0,0,0,0,0,0,0,0,0
LARKS,2,0,0,0,0,0,0,0,0,0,0,0,0,0,0
"CROWS, RAVENS, JAYS,MAGPIES",2,0,0,0,0,0,0,0,0,0,0,0,0,0,0
EURASIAN BLACKBIRD,2,0,0,0,0,0,0,0,0,0,0,0,0,0,0
RUSTY BLACKBIRD,2,0,0,0,0,0,0,0,0,0,0,0,0,0,0
COMMON MERGANSER,2,0,0,0,0,1,0,0,0,0,0,0,1,0,0
"CROWS, RAVENS",2,0,0,0,0,0,0,0,0,1,0,0,0,0,0
CARIBOU,2,0,0,0,0,0,0,0,0,1,0,0,1,0,1
GRAY FRANCOLIN,2,0,0,0,0,0,0,0,0,0,0,0,0,0,0
HAWAIIAN GOOSE,2,0,0,0,0,0,0,0,0,0,0,0,0,0,1
MAGNIFICENT FRIGATEBIRD,2,1,1,0,0,0,0,0,0,0,0,0,0,0,0
CORMORANTS,2,0,0,0,0,0,0,0,0,1,0,0,0,0,0
SOOTY TERN,2,0,0,0,0,0,0,0,0,0,0,0,0,0,0
OLD WORLD VULTURES,2,0,0,0,0,0,1,0,0,0,0,0,0,0,0
PAINTED BUNTING,2,0,0,0,0,0,0,0,0,0,0,0,0,0,0
FLORIDA SOFT SHELL TURTLE,2,0,0,0,0,0,0,0,0,0,0,1,0,0,0
SWANS,2,0,0,0,0,0,0,0,1,0,0,0,0,0,0
TANAGERS,2,0,0,0,0,0,0,0,0,0,0,0,0,0,0
COMMON SNIPE,2,0,0,0,0,0,0,0,0,0,0,0,0,0,0
TRUMPETER SWAN,2,0,0,0,1,1,0,0,0,1,0,0,0,0,0
COMMON REDPOLL,2,0,0,0,0,0,0,0,0,0,0,0,0,0,0
CHUKAR,2,0,0,0,0,0,0,0,0,0,0,0,0,0,0
CARRION CROW,2,0,0,0,0,0,0,0,0,0,0,0,0,0,0
MARBLED GODWIT,2,0,0,1,0,0,0,0,0,0,0,0,1,0,0
SPRAGUE'S PIPIT,2,0,0,0,0,0,0,0,0,0,0,0,0,0,0
PROTHONOTARY WARBLER,2,0,0,0,0,0,0,0,0,0,0,0,0,0,0
BLUE GROSBEAK,2,0,0,0,0,0,0,0,0,0,0,0,0,0,0
COMMON CHAFFINCH,2,0,0,0,0,0,0,0,0,0,0,0,0,0,0
BLACK-TAILED PRAIRIE DOG,2,0,0,0,0,0,0,0,0,0,0,0,0,0,0
WESTERN BLUEBIRD,2,0,0,0,0,0,0,0,0,0,0,0,0,0,0
MUSCOVY DUCK,2,0,0,0,1,0,0,0,0,0,0,0,0,0,0
NORTHERN CARDINAL,2,0,0,0,0,0,0,0,0,0,0,0,0,0,0
SWINE (PIGS),2,0,0,0,1,0,0,0,1,0,0,1,0,0,0
BLACK DRONGO,2,0,0,0,0,0,0,0,0,0,0,0,0,0,0
GREAT CORMORANT,2,0,0,0,1,1,0,0,0,0,0,0,0,0,0
WHITE-TAILED PRAIRIE DOG,2,0,0,0,0,0,0,0,0,0,0,0,0,0,0
HOARY REDPOLL,2,0,0,0,0,0,0,0,0,0,0,0,0,0,0
PURPLE FINCH,2,0,0,0,0,0,0,0,0,0,0,0,0,0,0
COLLARED PECCARY,2,0,0,0,0,0,0,0,1,0,1,1,0,0,0
FAIRY TERN,2,0,0,0,0,0,0,0,0,0,0,0,0,0,0
RED-TAILED TROPICBIRD,2,0,0,0,0,0,0,0,0,0,0,0,0,0,0
EMPEROR GOOSE,2,0,0,0,0,0,0,0,0,1,0,0,0,0,0
CORDILLERAN FLYCATCHER,2,0,0,0,0,0,0,0,0,0,0,0,0,0,0
WESTERN WOOD-PEWEE,2,0,0,0,0,0,0,0,0,0,0,0,0,0,0
SNOWY PLOVER,2,0,0,0,0,0,0,0,0,0,0,0,0,0,0
NELSON'S SHARP-TAILED SPARROW,2,0,0,0,0,0,0,0,0,0,0,0,0,0,0
BLACK-THROATED GRAY WARBLER,2,0,0,0,0,0,0,0,0,0,0,0,0,0,0
BLACK SWIFT,2,0,0,0,0,0,0,0,0,0,0,0,0,0,0
SEDGE WREN,2,0,0,0,0,0,0,0,0,0,0,0,0,0,0
RED-BREASTED SAPSUCKER,2,0,0,0,0,0,0,0,0,0,0,0,0,0,0
WHITE-WINGED SCOTER,2,0,1,0,1,2,0,0,0,0,1,0,0,0,0
BLACK SKIMMER,2,0,0,0,0,0,0,0,0,0,1,0,0,0,0
FORSTER'S TERN,2,0,0,0,0,0,0,0,0,0,0,0,0,0,0
CINNAMON TEAL,2,0,0,0,0,0,0,0,0,0,0,0,1,0,0
COMMON GROUND-DOVE,2,0,0,0,0,0,0,0,0,0,0,0,0,0,0
TOWHEES,1,0,0,0,0,0,0,0,0,0,0,0,0,0,0
CATS,1,0,0,0,0,0,0,0,0,0,0,0,0,0,0
PINE GROSBEAK,1,0,0,0,0,0,0,0,0,0,0,0,0,0,0
"WOODPECKERS, PICULETS",1,0,0,0,0,0,0,0,0,0,0,0,0,0,0
JAMAICAN FRUIT BAT,1,0,0,0,0,0,0,0,0,0,0,0,0,0,0
PHILIPPINE DUCK,1,0,0,1,0,1,0,0,0,0,0,0,0,0,1
BIG FREE-TAILED BAT,1,0,0,0,0,0,0,0,0,0,0,0,0,0,0
HELMETED GUINEAFOWL,1,0,0,0,1,0,0,0,0,0,0,0,0,0,0
GRAY SAC-WINGED BAT,1,0,0,0,0,0,0,0,0,0,0,0,0,0,0
WHITE-NOSED COATI,1,0,0,0,0,0,0,0,0,0,0,0,0,0,0
BURRO,1,0,0,0,0,0,0,0,0,0,0,0,0,1,0
BUSHTIT,1,0,0,0,0,0,0,0,0,0,0,0,0,0,0
RED-LEGGED PARTRIDGE,1,0,0,0,0,0,0,0,0,0,0,0,0,0,0
HAIRY WOODPECKER,1,0,0,0,0,0,0,0,0,0,0,0,0,0,0
WHOOPING CRANE,1,0,0,0,0,0,0,0,0,1,0,0,0,0,0
RED-FOOTED BOOBY,1,0,0,0,0,0,0,0,0,0,0,0,0,0,0
BOHEMIAN WAXWING,1,0,0,0,0,0,0,0,0,0,0,0,0,0,0
BLACK-FACED BUNTING,1,0,0,0,0,0,0,0,0,0,0,0,0,0,0
EURASIAN COOT,1,0,0,0,0,0,0,0,0,0,0,0,0,0,0
TUFTED TITMOUSE,1,0,0,0,0,0,0,0,0,0,0,0,0,0,0
"CUCKOOS, ROADRUNNERS, ANIS",1,0,0,0,0,0,0,0,0,0,0,0,0,0,0
EURASIAN THICK-KNEE,1,0,0,0,0,0,0,0,0,0,0,0,0,0,0
CAROLINA CHICKADEE,1,0,0,0,0,0,0,0,0,0,0,0,0,0,0
ROYAL TERN,1,0,0,0,0,0,0,0,0,0,0,0,0,0,0
WHITE STORK,1,0,0,0,0,0,1,0,0,0,0,0,0,0,0
EASTERN DIAMONDBACK RATTLESNAKE,1,0,0,0,0,0,0,0,0,0,0,0,0,0,0
"SCOPS, SCREECH OWLS",1,0,0,0,0,0,0,0,0,0,0,0,0,0,0
"KITES, EAGLES, HAWKS",1,0,0,0,0,0,0,0,0,0,0,0,0,0,0
RAVENS,1,0,0,0,0,0,0,0,0,0,0,0,1,0,0
GYRFALCON,1,0,0,0,0,0,0,0,0,0,0,0,0,0,0
ROCK SANDPIPER,1,0,0,0,0,0,0,0,0,0,0,0,0,0,0
JAPANESE WHITE-EYE,1,0,0,0,0,0,0,0,0,0,0,0,0,0,0
NORTHWESTERN CROW,1,0,0,0,0,0,0,0,0,0,0,0,0,0,0
ISLAND TURTLE-DOVE,1,0,0,0,0,0,0,0,0,0,0,0,0,0,0
GRAY-HEADED CHICKADEE,1,0,0,0,0,0,0,0,0,0,0,0,0,0,0
LONG-TAILED JAEGER,1,0,0,0,0,0,0,0,0,0,0,0,0,0,0
MINK,1,0,0,0,0,0,0,0,0,0,0,0,0,0,0
MUSKRAT,1,0,0,0,0,0,0,0,0,0,0,0,0,0,0
YELLOW-HEADED CARCARA,1,0,0,0,0,0,0,0,0,0,0,0,0,0,0
TROPICAL MOCKINGBIRD,1,0,0,0,0,0,0,0,0,0,0,0,0,0,0
NORTHERN HAWK-OWL,1,0,0,0,0,0,0,0,0,0,0,0,0,0,0
RED-NECKED GREBE,1,0,0,0,0,0,0,0,0,1,1,0,0,0,0
WHITE-RUMPED SANDPIPER,1,0,0,0,0,0,0,0,0,0,0,0,0,0,0
CRANES,1,0,0,0,0,0,0,0,0,0,0,0,0,0,0
PICAZURO PIGEON,1,0,0,0,0,0,0,0,0,0,0,0,0,0,0
WHITE-BELLIED SEA-EAGLE,1,1,0,0,1,0,0,0,0,0,0,0,0,0,0
INTERMEDIATE EGRET,1,0,0,0,0,0,0,0,0,0,0,0,0,0,0
RIVER OTTER,1,0,0,0,0,0,0,0,0,0,0,1,0,0,0
REDWING,1,0,0,0,0,0,0,0,0,0,0,0,0,0,0
MEADOW PIPIT,1,0,0,0,0,0,0,0,0,0,0,0,0,0,0
NORTHERN LAPWING,1,0,0,0,0,1,0,0,0,0,0,0,0,0,0
SOUTHERN LAPWING,1,0,0,0,1,0,0,0,0,0,0,0,0,0,0
FLYING FOX,1,0,0,0,0,0,0,0,0,0,0,0,0,0,0
PHILIPPINE DRONGO-CUCKOO,1,0,0,0,0,0,0,0,0,0,0,0,0,0,0
GREAT CRESTED GREBE,1,0,0,0,0,0,0,0,0,0,0,0,0,0,0
SOUTH AMERICAN SNIPE,1,0,0,0,0,0,0,0,0,0,0,0,0,0,0
CACTUS WREN,1,0,0,0,0,0,0,0,0,0,0,0,0,0,0
HARES,1,0,0,0,0,0,0,0,0,0,0,0,0,0,0
FLORIDA BONNETED BAT,1,0,0,0,0,0,0,0,0,0,0,0,0,0,0
AUSTRALIAN PELICAN,1,0,0,0,0,0,1,0,0,0,0,0,0,0,0
LAPPET-FACED VULTURE,1,0,0,0,0,0,0,1,0,0,0,0,0,0,0
HOODED CROW,1,0,0,0,1,0,0,0,0,1,0,0,0,0,0
GRAY HERON,1,0,0,0,1,0,0,0,0,0,0,0,0,0,0
PURPLE GALLINULE,1,0,0,0,0,0,0,0,0,0,0,0,0,0,0
EURASIAN CURLEW,1,0,0,0,0,0,0,0,0,0,0,0,0,0,0
LESSER GOLDFINCH,1,0,0,0,0,0,0,0,0,0,0,0,0,0,0
HUDSONIAN GODWIT,1,1,0,0,0,1,0,0,0,0,0,0,0,0,0
DOWNY WOODPECKER,1,0,0,0,0,0,0,0,0,0,0,0,0,0,0
MAGPIES,1,0,0,0,0,0,0,0,0,0,0,0,0,0,0
HEERMANN'S GULL,1,0,0,0,0,0,0,0,0,0,0,0,0,0,0
PIPING PLOVER,1,0,0,1,0,0,0,0,0,0,0,0,0,0,0
SCALED QUAIL,1,0,0,0,0,0,0,0,0,0,0,0,0,0,0
BADGER,1,0,0,0,0,0,0,0,0,0,0,0,0,0,0
LITTLE OWL,1,0,0,0,0,0,0,0,0,0,0,0,0,0,0
ROOK,1,0,0,0,0,0,0,0,0,0,0,0,0,0,0
YELLOW-BELLIED MARMOT,1,0,0,0,0,0,0,0,0,0,0,0,0,0,0
ISLAND CANARY,1,0,0,0,0,0,0,0,0,0,0,0,0,0,0
MOUNTAIN CHICKADEE,1,0,0,0,0,0,0,0,0,0,0,0,0,0,0
MCKAY'S BUNTING,1,0,0,0,0,0,0,0,0,0,0,0,0,0,0
RED-LEGGED KITTIWAKE,1,0,0,0,0,0,0,0,0,0,0,0,0,0,0
MOCKINGBIRDS,1,0,0,0,0,0,0,0,0,0,0,0,0,0,0
RUDDY GROUND-DOVE,1,0,0,0,0,0,0,0,0,0,0,0,0,0,0
CASSIN'S FINCH,1,0,0,0,0,0,0,0,0,0,0,0,0,0,0
CONNECTICUT WARBLER,1,0,0,0,0,0,0,0,0,0,0,0,0,0,0
SONG THRUSH,1,0,0,0,0,0,0,0,0,0,0,0,0,0,0
LAZULI BUNTING,1,0,0,0,0,0,0,0,0,0,0,0,0,0,0
DUSKY FLYCATCHER,1,0,0,0,0,0,0,0,0,0,0,0,0,0,0
COMMON PIPISTRELLE,1,0,0,0,0,0,0,0,0,0,0,0,0,0,0
WESTERN MASTIFF BAT,1,0,0,0,0,0,0,0,0,0,0,0,0,0,0
CLAPPER RAIL,1,0,0,0,0,0,0,0,0,0,0,0,0,0,0
OLIVE-THROATED PARAKEET,1,0,0,0,0,0,0,0,0,0,0,0,0,0,0
DOUBLE-STRIPED THICK-KNEE,1,0,0,0,0,0,0,0,0,0,0,0,0,0,0
WHITE-CRESTED ELAENIA,1,0,0,0,0,0,0,0,0,0,0,0,0,0,0
BAR-TAILED GODWIT,1,0,0,0,0,0,0,0,0,0,0,0,0,0,0
YELLOW-THROATED VIREO,1,0,0,0,0,0,0,0,0,0,0,0,0,0,0
NACUNDA NIGHTHAWK,1,0,0,0,0,0,0,0,0,0,0,0,0,0,0
BLUE-WINGED WARBLER,1,0,0,0,0,0,0,0,0,0,0,0,0,0,0
COMMON CUCKOO,1,0,0,0,0,0,0,0,0,0,0,0,0,0,0
"LAGOMORPHS (RABBITS, HARES)",1,0,0,0,0,0,0,0,1,0,0,0,0,0,0
PACIFIC LOON,1,0,0,0,0,0,0,0,0,0,0,0,1,0,0
WHITE-TAILED TROPICBIRD,1,0,0,0,0,0,0,0,0,0,0,0,0,0,0
SHEARWATERS,1,0,0,0,0,0,0,0,0,0,0,0,0,0,0
JAVA SPARROW,1,0,0,0,0,0,0,0,0,0,0,0,0,0,0
BELTED KINGFISHER,1,0,0,0,0,0,0,0,0,0,0,0,0,0,0
TRICOLORED BLACKBIRD,1,0,0,0,0,0,0,0,0,0,0,0,0,0,0
HERMIT WARBLER,1,0,0,0,0,0,0,0,0,0,0,0,0,0,0
HAWAIIAN HAWK,1,0,0,0,0,0,0,0,0,0,0,0,0,0,0
BAND-RUMPED STORM-PETREL,1,0,0,0,0,0,0,0,0,0,0,0,0,0,0
LITTLE TERN,1,0,0,0,0,0,0,0,0,0,0,0,0,0,0
SMALL INDIAN MONGOOSE,1,0,0,0,0,0,0,0,0,0,0,0,0,0,0
SPOTTED TOWHEE,1,0,0,0,0,0,0,0,0,0,0,0,0,0,0
CALIFORNIA TOWHEE,1,0,0,0,0,0,0,0,0,0,0,0,0,0,0
LONG-LEGGED MYOTIS,1,0,0,0,0,0,0,0,0,0,0,0,0,0,0
DESERT COTTONTAIL,1,0,0,0,0,0,0,0,0,0,0,0,0,0,0
WILLET,1,0,0,0,0,0,0,0,0,0,0,0,0,0,0
GRAY-CROWNED ROSY-FINCH,1,0,0,0,0,0,0,0,0,0,0,0,0,0,0
WESTERN SCREECH-OWL,1,0,0,0,0,0,0,0,0,0,0,0,0,0,0
GULL-BILLED TERN,1,0,0,0,0,0,0,0,0,0,0,0,0,0,0
EURASIAN WIGEON,1,0,0,0,0,0,0,0,0,0,0,0,0,0,0
YUMA MYOTIS,1,0,0,0,0,0,0,0,0,0,0,0,0,0,0
NORTHERN FULMAR,1,0,0,0,0,0,0,0,0,0,0,0,0,0,0
BRANDT'S CORMORANT,1,0,0,0,0,1,0,0,0,0,0,0,0,0,0
SURF SCOTER,1,0,0,0,0,0,0,0,0,0,0,0,0,0,0
LEAST BITTERN,1,0,0,0,0,0,0,0,0,0,0,0,0,0,0
POND SLIDER,1,0,0,0,0,0,0,0,0,0,0,0,0,0,0
THAYER'S GULL,1,0,0,0,0,0,0,0,0,0,0,0,0,0,0
EASTERN SMALL-FOOTED MYOTIS,1,0,0,0,0,0,0,0,0,0,0,0,0,0,0
POCKETED FREE-TAILED BAT,1,0,0,0,0,0,0,0,0,0,0,0,0,0,0
WESTERN YELLOW BAT,1,0,0,0,0,0,0,0,0,0,0,0,0,0,0
WILSON'S PLOVER,1,0,0,0,0,0,0,0,0,0,0,0,0,0,0
GLOSSY IBIS,1,0,0,0,0,0,0,0,0,0,0,0,0,0,0
LONG-BILLED CURLEW,1,0,0,0,1,0,0,0,0,0,0,0,0,0,0